feature_a,feature_b,label
2.4314546363447995,2.647520562147675,11
1.378777282143998,1.4023739491583564,00
2.6973649175810768,2.993859766610767,11
2.190846276941291,2.0445315020532253,11
0.29586686425840997,0.36410702384634686,00
3.06500801258003,2.7806016295571543,11
2.391190896128417,1.5370719291712425,10
2.4694938467072425,0.44497194124571826,10
0.4024808472381962,0.4796902027518496,00
1.4149291537728625,2.159951559634855,01
1.1648963488946873,0.14882511912349813,00
2.911518080570994,0.900360866417876,10
2.0227619311481257,0.4391556672831562,10
2.584781839907326,1.3856856125499293,10
1.3930267895333472,1.3017307660847055,00
0.71389149897019,1.6395231733001432,01
1.7422794926816068,0.8785034371853266,10
0.20048782294913559,0.1006679049851294,00
2.6000800098138064,1.9301508787585755,11
1.98443223581609,1.1740697323694442,10
2.381602875028699,2.046229247067647,11
1.1137761769836036,0.34138735716654633,00
3.0495377822931538,0.04328283817768496,10
2.8058227535116944,0.7800393850850388,10
2.4453638760824625,1.4342857159342008,10
0.6114755346919513,1.2380136190332836,00
1.466247276584905,2.5456405548321595,01
0.13761358879672583,1.18701196724585,00
0.4847147348055089,1.6664301130025367,01
2.1458615735486934,1.8645842250073847,11
2.3397393176716945,0.06858533961212332,10
3.0395214676919404,1.6183392323188897,11
1.0236105514800815,1.0833193512555053,00
1.1638334909301784,1.3234905542330828,00
1.4751530871544736,0.31506215436031026,00
0.5952418297648656,2.4593033381207903,01
0.4081604467052448,2.9606502710518474,01
1.494471101507868,0.06995956329406021,00
0.7128567440090996,1.8892682537171277,01
2.104282724966207,2.3996869102812535,11
1.3733532568319955,0.8947494281891164,00
2.6159357035397037,2.4741788396998947,11
2.199947700015573,1.9866019819478127,11
0.9813287457923376,2.919050499532948,01
2.614621277941264,3.0819175084852537,11
2.5282417933828625,0.1330342406464069,10
1.2172992289860773,1.3978132013471336,00
0.9058094531307292,1.7184128150590645,01
2.1441228613958465,0.4610074634091748,10
0.4390453758279357,1.0564730943769425,00
0.6280301402881412,3.102785966208409,01
0.023129252563505273,0.05098948240991815,00
2.472195843291439,1.4215955933681181,10
2.088690566802409,2.647277569103371,11
2.2153423730583595,1.017565827447374,10
2.452732588302892,1.507331451458972,10
1.4417264290477112,3.0726213298422684,01
1.786753162999484,1.4918695808320328,10
0.4391852223117547,0.41130143243777756,00
0.359806837635713,0.16248785825183987,00
2.0998498343986047,2.9701137585593846,11
1.479992380353288,0.8350648999999596,00
1.7757415996650008,1.5835634658029651,11
2.4033147904627716,0.2849480020158652,10
1.9940264112127115,1.330951814377479,10
1.7391209782858004,2.92201266633951,11
1.7568011080325978,1.5783769698590115,11
0.9548873951313996,3.050911058545002,01
0.09681708267818401,0.8131561364322475,00
1.3719881417073039,1.5850756184575903,01
0.6741376317028023,2.700295621082394,01
1.2834305859063189,1.4082263040203686,00
2.681044825530223,0.8780354795792138,10
0.7349425701791278,2.6875551170406755,01
0.18316346497451316,1.2248738911222148,00
0.8839935680148079,1.667316392283829,01
0.9223519925396345,3.0678502578814135,01
2.0794720599557737,0.585854548822242,10
1.7499681176086705,0.9468780261074214,10
2.4626888548909043,0.09760802732938209,10
2.0870025379727473,1.2309944708528702,10
1.2767019784155387,0.628894794895797,00
2.557320460339152,2.136392757261841,11
0.5245608985304795,0.5696381627969864,00
0.07135208210513018,2.1199867855069883,01
0.28289369788423263,0.8277324696009856,00
2.269358829085702,1.115949738099239,10
1.45103011341816,1.0959780615955075,00
0.5066502362433198,2.251742032761622,01
1.574078584584277,1.4655820739070062,10
0.4785025829365039,1.135053966385671,00
2.187554974889105,2.67859327041809,11
1.401641277696358,1.7968358837304883,01
1.1970134847664848,0.6717693372380299,00
0.9472281642354797,2.8277201469764406,01
1.9800911642278247,1.076467652769653,10
1.1366678392906762,0.12245732611274875,00
0.275360342611201,1.5538324301020074,00
0.3707264751820471,0.3893628813316735,00
3.021890636453934,0.7491644277050606,10
2.854390423120558,2.34711802905183,11
2.1981947912442212,0.4107689363465861,10
0.8352551177314281,2.535090047087352,01
3.0447573871083784,2.94338105348694,11
2.4465181188753506,1.9054767908079857,11
2.2521769516924977,2.2316592190689017,11
1.4117107939410005,2.241798451385188,01
0.8552720906945629,3.118998184986319,01
0.30282113857388515,1.072974095452443,00
2.8356090580946742,0.5116289449730438,10
1.4318634438216848,1.6310119711913587,01
0.6357432601964069,1.6752536850954487,01
0.9611910827488234,0.5589285662130475,00
1.819671942603307,1.926140046558695,11
0.5553480762365135,0.044374158924704,00
2.691133141864687,2.914356238117562,11
2.38295938253468,0.8311846075321006,10
2.26025953694546,0.12428206005310788,10
1.357460319424748,0.34007565009260915,00
1.9707488454827253,0.7547643309479966,10
1.8349978881129694,0.8605016070656789,10
2.041553309404916,0.10307565338634919,10
0.2652896589304528,0.8776190257327758,00
1.3062974799674438,0.6061443419387811,00
0.1307347828897298,1.1894727241236378,00
1.551917928679384,1.2100401340773157,00
1.0362895613689012,1.0650242273880792,00
0.4540361300075967,1.0302032634366947,00
0.32485000375655076,0.28189912294914016,00
1.846139870875417,0.07918367672567024,10
0.5359336167095561,0.6349608005569978,00
2.906350567580666,2.377084282514962,11
1.8254574077692733,3.1127206805604306,11
1.0897236296787716,2.917051010225935,01
1.8564157669304209,1.5840518231552339,11
0.07164047370030677,1.6707739183157557,01
3.0114025823501365,0.9882871462377533,10
1.5152009343009234,2.4314024547474693,01
2.4590352396354365,2.4025539925928707,11
0.2599039599878172,2.6523598362099428,01
1.5288822369694357,2.8133106009777658,01
1.541601488529291,1.3645484073168386,00
2.946268701291565,2.409210650983071,11
1.7961366491958788,2.53337632224928,11
1.4875108239131574,0.9690544839680127,00
0.8387287818567566,2.9193006071750145,01
1.0416547262094955,0.29638257162136367,00
1.635740594531531,3.123588748950123,11
1.3788810192707028,2.419311342765592,01
0.06789635138084184,0.2930191909605756,00
2.5958726387695688,2.061606241554485,11
2.81537209724717,0.1073777862762488,10
0.44060550767069667,2.4196136622645783,01
1.7405558783654977,2.5108328592646587,11
0.34110075070917656,1.89252762555926,01
2.1119045377423915,2.691906312397169,11
0.8835219892498885,0.3075093940322744,00
2.0716373047589043,0.8668403151056893,10
2.2839209394430156,1.3011770591175615,10
2.4147773138087314,0.13338559269121553,10
0.3384781643058596,1.408112367934335,00
2.8777360832855403,0.8331926453563963,10
0.7232385825489451,1.2338134288263656,00
0.11753501163510184,1.3354993056887154,00
1.7431204416664396,2.7627534414055765,11
1.1652867220349854,0.8493012069739656,00
2.6068613610489506,2.807776847371397,11
2.5391968868903465,1.3382272536986035,10
0.9963212158594433,1.0298383271222413,00
2.9936217391612687,1.5786881625316465,11
0.9139453430992212,1.3123792395239542,00
1.618099693373403,0.8085589679314593,10
0.8041380481026268,1.5792136738908014,01
2.940667603105786,0.476899209442655,10
0.517130710439117,1.1056205235792247,00
0.14109087195110803,1.7774823966586004,01
1.3668977273040614,1.2987603035086335,00
3.117639781639845,2.5883970206790035,11
2.8012867490394675,0.806515200055509,10
2.3518214543443565,3.0466272677156763,11
2.7985071452169263,2.4652769358167417,11
2.8068453996492937,3.0397831421383765,11
1.6300416132437137,2.6330836433599423,11
0.9925203882872082,0.4464326495017893,00
2.425348585199869,1.6539231531471759,11
2.078670163532781,0.5340032734567374,10
1.1738803759866943,2.570537039980017,01
0.2967757903911619,1.8351995163794672,01
2.346108756791277,0.8276504305769232,10
0.8245440286806586,2.9204213012423534,01
2.94308531150323,0.3618676588880836,10
0.7570313881691675,1.7714259843809639,01
0.3856554186337969,2.265215709481294,01
2.6110174650529876,0.18487813255807237,10
0.4815568830180423,1.8782201218249448,01
0.5631879999298243,2.5632292645538395,01
1.8830165745300245,0.2121433148924046,10
2.747517682603475,1.6092587548815882,11
0.6171177027192701,0.812281331404989,00
0.9749105710179397,2.082638586833433,01
2.442289328683645,0.3728359445622783,10
3.0530827606775595,2.9438338906302697,11
1.5731248319231173,2.8108727392718165,11
0.45206733688492795,0.5842558712371515,00
0.04378213908239971,1.0155697274776203,00
0.7214856966970008,1.8461097193624243,01
0.41413171097804824,2.2558593615896823,01
2.1289275106635563,1.3906448852947992,10
0.38274810150943783,0.49100366889243635,00
1.590682393472003,0.3272015677915042,10
2.181089767479049,3.140855437763827,11
1.8256316704073974,1.4305308795233869,10
0.6276137196213506,2.741139333148774,01
2.52623170402557,1.515428912410822,10
2.2475177827267636,2.897671981238554,11
2.321586717821437,0.275704232198678,10
0.4117300694884516,0.3582018538648743,00
0.3887840404017163,2.9205256514950304,01
2.9140236959870522,2.9766371896401194,11
1.2490287329479324,0.9887140209137172,00
0.9454581992064592,1.115783399792997,00
1.5349320475375594,1.4214143338718523,00
2.082449341145652,1.3074104768049866,10
3.0021790039383114,0.5970446543085546,10
0.8998973620211791,2.822329506349849,01
2.90537136750458,0.795789297475307,10
0.07809839551104159,2.2156786203945624,01
1.7442060910613875,0.21097578381903445,10
1.9916915534160655,0.12174089844653654,10
0.3326865056575988,2.0537548500754377,01
0.44088984714373963,1.0650497276025983,00
1.3166864665783868,2.0591864128955835,01
3.035507076853038,0.2953763180152782,10
1.872522906468009,2.984046117145804,11
2.931178898607905,2.351527550297029,11
2.5269743433244685,2.752874701855306,11
1.4683226058691357,0.4287348900175643,00
2.4654070869764584,1.0058153478400287,10
0.0560359095057728,1.157187320263323,00
0.34288597842266105,1.6875776456929066,01
2.605726843192762,0.9326398531524207,10
2.5032747109371374,0.19047709424393186,10
0.7308624458874268,1.1588656109929365,00
1.6674618465748485,0.7996902568093864,10
1.9038548502703436,1.2124074941247212,10
2.72608232241641,0.6187666521494802,10
1.8947170148227641,0.8227717263343737,10
1.2961318111102065,1.9696288668529427,01
1.1755338418585295,1.219421235173157,00
1.3379480338465124,1.0850539306531914,00
2.0481017206093064,1.6773140134708169,11
2.7253021957710724,2.4248714047111215,11
1.4259591102182159,1.1902487883433208,00
0.7786109502368918,1.845746921654232,01
0.7434967409744018,3.0354150697358335,01
2.3436729822858884,1.63984889183323,11
2.5653264283234587,2.858213382641315,11
0.3307408422537586,2.493396085719323,01
0.20910081604172162,0.18447017890058812,00
1.8674684311037342,1.3480538622714882,10
0.4592167901071678,2.193831980026477,01
2.5907589624162157,3.0998468953567997,11
0.9749451317540562,1.440031588892744,00
0.45198700767990485,0.29149410104455736,00
2.8933140705396942,1.7656038945280081,11
0.5200332440812124,0.39761187954709937,00
0.8944745190023393,2.3609683296027737,01
0.48259071382835705,1.5949143256224454,01
0.36282273557369665,2.272726672270495,01
0.06643845276055695,2.7311807286329715,01
0.17402981047304028,1.9758984702084479,01
0.5486523621041902,1.9240348975512558,01
0.1677042873759595,2.3705524967702254,01
1.8571330699092627,2.6466504435436784,11
2.1385277565851815,2.730212990542226,11
1.2366265514126942,0.11444883512618478,00
0.9989984940915181,1.7473233504178616,01
1.5850159197723408,0.6794300748569226,10
2.7489090983790074,2.702856330026217,11
2.673908866062572,2.037001404439507,11
0.13658093543374786,1.3201678530015986,00
0.5701940702266712,0.5909468611752158,00
0.743755947836633,1.065074132583101,00
0.7834741761310441,2.210982834927931,01
1.7945803022057114,0.6420144459278356,10
1.307726978554616,0.293999493576327,00
0.1547363813235599,2.7898246230241406,01
1.1737434326618699,2.4008376200381827,01
1.6454184159873209,0.6276742863800715,10
0.31941170323880885,0.9183237973991556,00
2.6183872696537125,3.0538485272481197,11
0.16324301795358537,2.2248271809887012,01
2.9054764214393978,1.9180114432930686,11
0.31137311746154195,0.9664433898434026,00
2.6501688706918656,0.9397293554175341,10
2.835768485702732,0.12416711012051228,10
3.0774120538027936,2.288593281332485,11
2.5196386134564084,0.1356389698557944,10
2.4488009157254456,0.015259776677103994,10
2.018420739921916,2.291776408853893,11
2.4472892247158797,2.980974824643838,11
0.4227082294750256,2.3766244171584074,01
1.6841074035574064,1.4817013580032377,10
1.615478791298064,1.5269561853326563,10
2.694142347898674,1.3701629813573624,10
1.4539270870346064,1.0198981596282746,00
1.2097943319234659,1.6390135425596073,01
2.0092472744243612,1.3545006795427348,10
0.8371192007118226,1.8791998175494784,01
0.43909541305687005,2.821527446943712,01
1.5012957333905164,3.125914275717143,01
1.3096965777373781,0.24737934101566392,00
0.7306400166113247,1.20851877167028,00
1.1545724027651731,0.5677052570791676,00
1.1510558287049057,1.106219094063013,00
1.0288576592416958,0.903123123177008,00
1.1921215651713315,0.5483245704973528,00
2.1543262563324856,2.4004157162122084,11
0.932664951536787,1.5591370685316415,00
2.9809250918693557,2.8878951679385088,11
2.878792206312696,0.10239218026736299,10
1.5108246685822477,0.21041763400750024,00
1.0315771493666224,1.2669213255208032,00
1.6821180022063327,0.252198640031197,10
2.665831397657783,0.8253893699774522,10
2.050163594929317,3.097703797070552,11
2.5270714572862034,0.6564659677706702,10
1.673596388891763,0.6224052409660265,10
1.9883693744346256,1.8021453108889354,11
0.9052675606062766,1.5645077718560547,00
2.308734959887381,1.8235006903546263,11
0.6358727828165879,1.1835487823680773,00
2.1827726972241286,2.597350556110526,11
2.70402870185728,0.43536364234206365,10
0.4150133031848981,1.3458351890274425,00
1.9301308794008984,2.16695075579846,11
0.29875210402678715,2.7276452223717107,01
2.279902886372816,1.1610434435057688,10
0.265443275534126,1.7836254032208696,01
2.94034167119842,0.21720954330441505,10
0.43167974355173955,0.5350731959782344,00
3.0124111362203414,0.21720394328624285,10
2.5160518439652537,2.286705262990942,11
1.8651070237999607,0.9049670815307828,10
2.458686137626474,2.2737128867368903,11
2.4979269369094936,0.20859634565335647,10
2.9720316706440544,2.7097738331328305,11
0.7960272829631336,2.62489553223823,01
1.8537780979180836,0.2793778858597423,10
0.2986058607979277,0.07463326616085565,00
1.9357416365897917,0.17683652134351324,10
0.5381275025617206,2.6817582808403624,01
1.7748446906428847,0.7373427569773281,10
1.7983434975793713,1.722451427542587,11
1.4639355332877397,1.3390856573457013,00
1.6418961464846165,2.4992171489429307,11
2.399936109950107,1.5359193122527868,10
2.5109013298147653,1.5728724189615348,11
1.546144926492362,3.1073239708577733,01
1.88367835102806,0.47164591257015803,10
2.9255649168006372,2.6097333912723237,11
0.3761541620230708,0.16257662061430514,00
0.36789170234095536,1.5005778654866488,00
0.2755459874724897,2.7845029714887897,01
2.06673846334977,2.0898313074072408,11
1.3150967624947625,2.1526652143329694,01
2.4326024724684596,0.827235639500205,10
2.1087356769089687,1.3149914895190251,10
1.0481539305241598,1.1516483760337506,00
2.8223017454218278,1.6381621582966333,11
2.395565391363213,1.4521318696233638,10
0.8499105829027568,1.0269814607273609,00
1.1441429675287282,0.9596956476393792,00
0.9878423318046323,0.788077601555488,00
0.4951515974404747,1.1468297490263366,00
0.46427515750127285,0.471055045546041,00
2.9409311617648854,2.739796468338482,11
1.3757161062409147,1.8916138579678494,01
1.2042347392128523,0.42030245179569375,00
2.2923752618103124,2.1798233869757038,11
1.7372789512846114,2.66302274855684,11
2.9409705053833584,0.7462403222848909,10
2.451389440850887,0.4731257207962049,10
1.5059839010081972,0.02707191170548969,00
1.1823681569962863,0.14844131743116196,00
3.099594413334198,2.3946832360192265,11
2.2549102844679223,3.1013373284664394,11
2.988266156001908,0.14099569138221144,10
0.3722114277928282,2.3501342294092615,01
2.6720303581764604,0.2257616522770115,10
2.0014266337406936,1.860240132666731,11
0.3830282489709275,2.37528055283738,01
1.8480670111187285,1.1284738955934743,10
2.1554353002699385,0.03435243951031442,10
0.03865002760705749,1.8698424961321065,01
1.4272819713159188,3.1140868416750576,01
2.5930690406509687,0.8093290030261536,10
0.9278977441924342,0.5953044043307043,00
1.4405712850960197,0.38932467426399914,00
1.3895708121754755,1.7443869763424629,01
0.9485328748732613,1.873787542419869,01
2.8853703117007496,2.488992241707971,11
2.4545076020051737,2.3658494640210095,11
0.34742373955754946,2.8040018030722984,01
3.1322767564369327,2.5314095895753983,11
2.76208833740118,0.7768124516769597,10
0.891924662685819,1.74634037145425,01
2.6291881464772286,0.9343472257781389,10
0.3343268195256013,1.0360513256603217,00
3.1387800814246782,2.9277895839273302,11
2.0913102765591565,2.1422391658716813,11
2.0424279727944668,3.0617660825287145,11
0.2841279234786716,1.3097693625450926,00
2.8181135359983203,1.6884099322119783,11
0.0911046262249148,1.5303182246597375,00
0.7565836579203639,0.33705223174180604,00
0.449316472326137,0.7436212470948285,00
2.440288456022746,1.657618514241896,11
0.6226769441224821,0.2116626220465695,00
2.8608543644324227,2.926273954215382,11
2.061729992729674,0.38906640138680465,10
0.11360850562403214,0.6219748584955791,00
0.017058327008936506,2.4043275347619697,01
0.16228813259218683,0.30452884436440075,00
1.9035700867231917,2.8283070639395502,11
2.517929368981783,2.2798568383248994,11
0.7494357887761273,0.21557878057622606,00
2.6684965808213326,2.1735016451426943,11
0.17979944273617351,1.9843195878830429,01
2.5163021583916603,2.3792834140961254,11
2.914755307463418,2.6018602890993408,11
2.425650074401298,2.2567648519668744,11
2.1932111262656337,1.8415271429317668,11
2.63259249878132,1.0130483927086977,10
0.12613902768914706,2.190549813546559,01
0.6339171966608267,3.0064148999702396,01
0.39245931316601557,1.8457541095335062,01
1.5850308522986705,2.0871009581231297,11
2.341077549500226,1.373278246052983,10
1.9792405825957686,2.375423581115208,11
2.6739072102538963,3.1342645504971443,11
0.4876159967946192,0.5038779222054323,00
2.3078802255956155,0.6358749391368084,10
0.6064577295517702,1.6946936996889896,01
0.850613704035147,1.5122854116560938,00
2.23023138172783,1.795639436020209,11
3.079404151251262,0.15417066781249109,10
1.921220899887373,1.2700719452270532,10
0.1712177891949839,1.831480225307711,01
1.9361917322658297,1.8384328502039546,11
0.13304818171972854,2.065075545246596,01
2.7776256715329146,2.262625385712382,11
2.229205927618954,2.0154799809467123,11
0.5438971704527581,2.4826220915210664,01
0.28815003807716727,1.9627434201772096,01
0.5765866435400242,1.6886301238751034,01
3.078846187605776,1.9044222476263142,11
1.4406107455730073,0.3179083375842865,00
2.4632629471290852,0.8581465816232947,10
1.9993357722490517,1.6568752764204533,11
1.7982889467282477,2.7425702225838133,11
0.4559401418693359,2.133303380643075,01
2.97202347341441,0.28402535515248295,10
0.9466958005216466,1.8606866332213996,01
1.8158946388294006,0.6966104329824945,10
2.198410966679868,2.305981031845505,11
2.039626110985584,2.599482103521556,11
2.954964487507069,1.864397866195442,11
0.46633484023914357,1.857820430403659,01
1.5970372285371668,1.0637163905594589,10
1.2693114737488183,1.4019357881446592,00
1.489644997104599,2.714676456251859,01
0.3745329044819832,2.272377837958557,01
0.42127064126226893,1.63285427897687,01
0.8736000917693704,1.1568361594517214,00
0.9572577446900165,0.15827261569709877,00
1.3442975925487926,0.44927100141593873,00
1.9194739892051196,0.6064065174146642,10
1.9937461730353891,1.1730189964727793,10
1.2937420873814536,2.966114745588299,01
1.2842300134927873,1.5869861942241887,01
0.683700180682746,0.737772131663028,00
1.8482185880627122,0.3322238549652034,10
0.9960133978816477,1.0628181507615129,00
0.1132853104554312,2.562693371955333,01
1.3144425049848376,1.2043069035850413,00
1.4895317288901553,2.4268985650554757,01
0.7087208974525997,2.521772056000173,01
1.7984296371856356,0.3481537159506153,10
1.7774248460044588,1.9121610073880846,11
2.205404894980354,3.0130891467735723,11
2.0355901915879784,1.2633540218457469,10
2.049678897325607,0.16004557575571934,10
0.9934160563315413,2.9006409487538436,01
2.47379128379096,2.776119498413122,11
1.7251879612768481,1.6403557346865427,11
1.3553402326021102,1.7349543457947807,01
1.9666762111799454,0.6652042929444754,10
1.1330384323721958,2.574380473597638,01
1.6108178440637717,1.566398217692293,10
2.314429178793554,0.10643023233967551,10
2.7847167970519857,2.145754769472124,11
2.893586524558579,2.9860720984766833,11
1.5822094978611625,2.6048530891905837,11
1.6344924783145585,0.8708436408741852,10
2.5128670062795186,0.16752569507863474,10
0.9878759830998113,2.954201089422733,01
2.630714277788934,2.9438693724349037,11
1.5523917665319018,1.6726320570686113,01
0.363974634040657,2.0178996617801057,01
0.22638048706830635,1.4533009522792675,00
2.6451996861740574,1.318731793508883,10
0.17457175952993567,0.37525832879639615,00
0.8815668262707749,0.30395819470473917,00
1.0497004805833163,0.7311496022520927,00
0.5434780781257532,2.6283844226046806,01
0.9861251045804735,0.45814568464730965,00
2.3332375114992763,0.7121948194339649,10
0.04612751346212653,1.723521898422722,01
2.5986419537188996,0.6758546542725306,10
2.690924978308689,0.5127289217261455,10
1.169494223552347,1.7697101665661306,01
0.4825891551855207,1.156399115998804,00
1.8875958115801603,1.9671374123734495,11
0.37596242234146615,2.865777595993274,01
1.146427983916119,0.4743589124589266,00
3.0109940737045777,2.86963647521036,11
3.1273438739783925,2.835255851594333,11
2.4256390544803117,2.6046554609905876,11
0.9769143951162687,1.9832432001234908,01
2.16036346659066,1.9482481832420295,11
2.216099455600051,2.0081457965381038,11
1.218440620281934,2.1692557510423165,01
2.013411026185072,0.051780360307880184,10
0.03370189064590394,3.0099366081499945,01
0.6567740044414848,1.839728474934815,01
1.6496135550878792,2.455047340098029,11
0.5144398944736093,1.1852658539280252,00
0.5212117973010105,0.03894699616284573,00
2.627327415358251,1.6013786627479283,11
3.107452974654028,1.593384752816253,11
1.7466294707146928,1.372842337856689,10
2.636015302387556,1.0672526016547461,10
3.111187265338235,0.7848518021381014,10
0.4448366033061816,1.657331102159299,01
1.408205125603721,1.1789710467139252,00
1.233303560088769,3.0471308782717936,01
0.2514822414279804,0.543267159685653,00
2.372939721886678,1.0042589988628676,10
1.3627570055179843,0.9235040559024282,00
1.474434048584385,1.7068561166908047,01
0.47335310762620264,1.5685351873924072,00
0.5683978414870906,2.0223703169953704,01
2.8497500754106566,2.9845185833332275,11
0.14026924991107156,0.89604846683644,00
0.7315270277507447,2.1764060725873695,01
0.9175314465284771,0.0786661178054819,00
1.540000998016595,0.8243176983266006,00
1.842371847276478,1.456818490798753,10
1.5497161642219406,0.09737299979190156,00
0.2642561170981482,1.9404658396220826,01
0.7655038835803581,2.1309756242068296,01
2.650211072223679,2.3459268695377156,11
2.00304397743499,1.6228666694465923,11
2.0393618869866286,1.8973481226716022,11
2.105505623423781,1.244275683758691,10
2.3967305200160585,0.1296002238609178,10
0.18255317928735573,0.3140080158138767,00
1.1517342088487141,2.0577303836025767,01
1.6949754270282325,3.1276292154210603,11
1.063292401486716,0.04964734005833379,00
2.653008624430811,1.7517002173926717,11
1.51604624780224,2.359363580837476,01
2.414714788392017,2.597389725861366,11
2.676685688578391,1.7128117123821949,11
1.5858492142843272,1.9475234891893003,11
2.857442647402345,2.188825969647288,11
1.8445042583376687,2.6985220597184574,11
2.6712154907522327,0.3841839116872708,10
1.0699975413106355,2.9096871837027707,01
1.5670796924085184,0.08173608386309332,00
1.6694770224564857,2.6269989945425616,11
0.32980350423503896,0.24108716031329197,00
1.2520896271233568,0.6114425597593436,00
2.8819012929495047,0.012233821662969494,10
1.9818179319774651,1.3988151950736192,10
0.557653375347808,1.0504204903153236,00
1.0645463754586348,0.5214821112756258,00
0.6019386075620319,1.4171415352881904,00
0.07798416849748668,1.2640854105921697,00
2.9137029629312714,2.4116782607735203,11
1.4080848497368963,2.8058516082480174,01
0.9661499242383468,2.050100484124745,01
1.8801715483388366,0.3908467632534978,10
0.022979042155141554,0.9279975505985175,00
0.873432207632675,2.8692740517174324,01
2.2086447710674126,0.27876763135359944,10
1.991046463141667,1.2781753161003293,10
3.0844343520503954,2.96096558775835,11
1.948911223259501,2.9866016819866417,11
1.5001289446348613,1.2918328801495835,00
2.3921109467029242,2.096689160679871,11
2.8378882063451702,1.4349086163483975,10
2.2641330916823144,2.367066095463014,11
3.0260173037579667,0.09921567649571397,10
2.4567416994602893,0.4528830400137895,10
2.7231370305647347,1.929562449056212,11
0.3584685117752014,0.7305844792668141,00
2.3009448803952495,2.0924650102905473,11
1.3825794253630672,1.1033993686847157,00
1.7376268423278427,2.7854791717523857,11
2.054923324325155,2.5737792670597415,11
3.046764045982545,1.5482956121074414,10
3.093143267511125,2.4281215276128485,11
0.9054957385818786,0.8518047915060251,00
2.3051545970967746,1.5527628837970784,10
2.356142773090722,0.6204081633495132,10
1.0885394276223812,2.7045536626026188,01
0.38914837471525837,2.5857431776189927,01
0.1286386696204502,2.834186770712186,01
2.442095458764181,2.7566752379082824,11
1.53843711135681,3.0146605672983346,01
3.0961657563028995,0.7173394278432359,10
1.460757194092236,2.927412346399082,01
3.0722167972791,1.7945191655850166,11
1.2930041448867151,1.32730745181507,00
2.493426013484558,1.760466514836161,11
0.2664676027776838,1.0763170467550631,00
1.7450344279192223,0.9065160068397715,10
2.5197451345341455,0.7581113513960888,10
2.905035964500236,0.2589551661286865,10
2.5842209944509102,1.5600046329081754,10
0.11614696497308127,2.788985558561313,01
1.1708789374249517,1.9796807973175479,01
0.1529907628622411,1.6366932205648321,01
0.34332044293295655,1.34646436335769,00
2.1215352019496048,1.4589607375532425,10
2.2407667096455373,0.6574641776947988,10
2.4307152128629883,2.5853293061653067,11
2.718911933372852,0.6232384600426222,10
2.322992469198916,2.251336787929792,11
2.5160123102309564,2.3875633289546676,11
0.15382403107331646,1.806004359210532,01
0.7368139056349605,2.7109631601469606,01
1.9537494761195222,0.9143616490836822,10
2.6958801528688476,2.7696821855348266,11
0.01413755945066931,2.2915105413287287,01
1.616755760514473,2.50934659095246,11
2.1277611182121263,2.087838733175849,11
0.09301404201916022,2.6588650045927094,01
1.2608956710871588,3.1199120914021035,01
2.8137199636537877,1.3199805370859217,10
2.1099338663583715,2.5569915325835,11
0.7466257683978261,2.339166302513509,01
2.6790909319716216,1.422733585630868,10
1.093372963001729,2.912096167812067,01
2.680861349846175,1.2391256027305886,10
0.9391591781924638,1.776463568428849,01
1.8545457634397844,0.3328277304267921,10
1.2470240007520303,0.7092936910413918,00
0.8633883604745606,2.6411249132499344,01
2.7852027243036206,1.2458071208001362,10
0.5893429330409662,1.2380516802035983,00
0.2664434719655338,0.7727721596701898,00
1.0741951581994953,1.544439414657705,00
2.2545298741591897,2.5315486459171654,11
2.536621201611295,2.8122410161551685,11
3.1376448342232606,0.22027098462062886,10
0.9310488611090352,1.8058525863950596,01
1.2815874367651225,1.467982579788719,00
0.4298367219126405,1.9298233486750542,01
1.8060134308587108,1.4051580121203466,10
3.133990116433013,1.252379640584708,10
2.2018826324356544,1.4824569795392015,10
1.8699162867649626,1.8284041872968106,11
1.232663859818799,1.5738851753492549,01
2.875495861152944,1.483285538759648,10
1.561109527849952,2.569305401610638,01
0.4221261077498506,2.3425222514368405,01
1.1478702957663263,1.0724721694131814,00
0.2110103134182429,2.5150871910182233,01
0.634535860982212,2.6818226704765498,01
0.0555081125872111,0.4822099847868527,00
1.4240208556967082,1.8305509411489675,01
1.993467034779487,0.8963340630723481,10
1.078485077842327,2.322178336301901,01
1.3206682850640417,0.7501662364982584,00
3.013444804823727,2.109276379136294,11
2.362361818510203,0.8014977452202854,10
1.6991512372715407,1.6058054921197487,11
0.893911522897321,2.9802607744594147,01
2.817998553318804,1.197912961573142,10
0.7385793752724208,2.7512135939678615,01
1.0220943320900364,3.1005778458104105,01
2.8559113426281035,2.748424999593096,11
1.6636054306504233,0.5210835004589602,10
2.3320606165193554,2.575032240946158,11
1.8558795054913022,0.10100030346527891,10
2.0528398185917553,1.2355943084727727,10
0.9405403492305074,2.7354895688508596,01
0.758292695588147,2.1637788917502783,01
1.013139588704008,1.6736534127949647,01
0.48833407578698707,1.218510771791328,00
2.7467395869256235,2.551906119564472,11
0.8898464846503968,2.2291434691366296,01
1.7639709565608126,1.4715387110069784,10
2.4880610358551403,2.803822237221823,11
2.462456063721304,0.7224030034865504,10
1.3772310494028157,0.5353007134068138,00
1.4962064618745043,2.0194275837302444,01
3.124947706967193,3.0536102863627215,11
2.1193104778075114,0.7767794342523358,10
2.559262148230967,0.7843626282774891,10
2.8354569191674472,0.4382485559422553,10
2.4742864435400804,2.7035401431947568,11
0.581758069702698,0.7112488497470455,00
1.7661114471731405,1.580781963003043,11
0.32010993606309684,3.11291769753604,01
2.0512153561796826,0.0381417651446536,10
3.001318745206037,1.7482526137736154,11
1.6107952864651591,1.6094034930764054,11
1.3602232027998364,2.5366707458904947,01
0.11260332453974657,1.1161498746150755,00
3.0152205884521313,1.2891253985812816,10
0.32359247576333683,0.5275927261080953,00
0.1290537777426368,2.3273396893744085,01
0.7730410589976484,2.4652357443119466,01
0.20586992978454163,0.42934048457395846,00
1.4297948702384298,1.2360818531446474,00
1.6213376450366535,2.805143773785033,11
0.9819674556011354,0.008505151091109973,00
0.1600970776806527,0.9385793014613758,00
0.3506028970296862,1.7437167651527756,01
1.207956129166271,1.0495868151171686,00
0.19015573644981695,0.8546551677650117,00
2.1934277127879773,1.445250382947858,10
0.65037421239653,0.5702716628941996,00
0.9489858213490225,1.6638667661540383,01
1.2381826461730787,2.2201507147195008,01
1.3088177626647743,1.8073423968249904,01
0.005217267030913539,0.2925115898058221,00
0.3520794542145908,2.652787898890503,01
2.7104548152259453,0.5497090887917215,10
0.0038737801288275704,2.4027277624972343,01
1.5964548318158789,1.1327487031542016,10
1.537815907560508,2.4591173005670943,01
1.0464461691846756,0.6480254379728713,00
1.3550537977868629,0.5864162936731784,00
2.452267967184281,1.5614527471210924,10
2.642719383617414,0.10347154181489478,10
0.8179090713661529,0.7077924643919093,00
1.013133600197153,2.274551572571349,01
0.7617823496953036,2.6307177836817925,01
1.5075353338978426,0.25379470586460307,00
2.146519436924754,2.771128851866061,11
0.717077556716628,2.5054741893649393,01
1.039036977519138,2.7321937943354158,01
2.9228894796310243,2.1941780161222213,11
0.15258492417327682,2.117914323605745,01
1.4475504068180902,1.6496290443259352,01
2.2354255160831777,2.0507915488191863,11
0.47266521741207435,2.8874681700458256,01
0.1488298732202377,0.31579918117487393,00
0.43418498022625535,0.992003363865897,00
2.886568194743906,0.22762401276483338,10
0.029090462543085633,2.9681929872530324,01
0.5916309325768649,1.3988427168809132,00
0.09828005431028804,2.121657227718801,01
0.3475527225639681,2.642456615433749,01
1.9482564430004066,3.113319099062759,11
0.7591310205161663,0.5082545808798828,00
1.788232395967797,2.5117429285768202,11
1.854153478680678,2.787921257413734,11
2.668579802134449,0.15354652485614348,10
0.014895525139725826,2.369045364020409,01
2.680939224267873,1.1144024631133622,10
1.9450199736162057,2.0376269152254203,11
0.5112737403669273,1.6149300362667833,01
2.4282544202506906,0.8160043509822467,10
2.6876059428975094,0.42481043748012853,10
0.7987922926382083,0.36740056833070994,00
2.886475478088587,0.3245983307249011,10
1.4277201243955588,2.003676504619529,01
1.8957138327299923,1.1039897491485233,10
3.093367741173805,0.6805740179894673,10
1.1357990886605704,2.173621124373158,01
2.5546154270263486,2.1578015499332714,11
1.0002803294793596,1.6938471463172977,01
2.510803330123491,2.9372566088821084,11
1.8872612662610846,1.2108145180853254,10
0.6797014626824335,2.6259409699473473,01
1.3007013346427436,0.23605741195487456,00
0.997881775434899,2.324247929928665,01
0.245384753884975,3.1052991337542215,01
0.09372869456675004,2.659666736832028,01
1.088494798452869,1.821070423729672,01
0.05979753895075803,1.9690436632095956,01
0.519895123477953,1.1098918531011601,00
2.2782305932909392,2.1346657699025164,11
2.2245342240948784,2.420268476161951,11
2.3203187161800236,3.1360272628839474,11
0.9963660724846477,1.5471178822139604,00
2.796078588032928,0.19259240266903171,10
1.8655736871633717,1.8719429605995321,11
0.3959234293899985,0.37392539518375056,00
0.4515054910124646,0.7689520626914611,00
2.1774235014790313,1.0328925540060079,10
0.5433194002093326,2.296598079037725,01
1.5937070245098666,0.57745025164682,10
3.115751407595505,0.5207282401107942,10
0.01259026158875105,0.14125933390854634,00
0.05208698383933894,2.7433641688705706,01
3.1198672269861705,2.178711546381672,11
1.836697066319196,0.12549552292121263,10
0.3986994467562213,0.08888289954581785,00
2.818957998797422,1.7551270655554823,11
2.765796283246335,0.8876079994687219,10
1.6845232786825086,1.874671118720396,11
1.953417273071238,1.3653492855387686,10
0.858242873873981,2.9006719627210638,01
0.1587123069838783,0.9041786870395483,00
1.8678892321539888,2.1335981002071613,11
0.9260007495732404,0.16981662827584462,00
2.084827004955731,3.002924432064343,11
2.6271417041686136,3.0811404561342064,11
0.05705303134656095,2.321871424972563,01
1.8714900181949266,1.461508083022472,10
0.7265892443984976,0.6911297728284761,00
2.7454016850712017,2.5525953654446707,11
0.7969105502911202,2.31332462203783,01
1.9187909636044493,0.6972891801192559,10
1.7389998366874457,1.4175346533118234,10
1.2445937661845168,1.4539257431343715,00
2.128808412845019,2.596245312643364,11
2.2800725526205547,2.148361436500366,11
1.7810876128177795,2.0205704298128304,11
2.382653728658759,2.0414930568259857,11
3.089495861354168,0.8497068144038439,10
1.3171830536822193,1.1677653631370708,00
1.6166103354653991,0.1434523004740762,10
0.03917527693127692,2.472248491074976,01
2.500797464552374,1.3603040117949796,10
1.6343509568082197,1.3767664031475815,10
1.2816486325687357,0.7708094394277126,00
0.29553578815041603,0.6579352088942237,00
2.794938078554411,1.846697055553039,11
1.2409518434261921,0.7305868441340233,00
2.1443933344096666,0.2017180563735005,10
0.4692727522823555,2.4111956596212756,01
3.020797252228095,1.1827136094321438,10
0.5605913280330836,1.1945453170114804,00
0.6268796589757056,1.3550263445689843,00
2.6985742442876592,2.5605388295652576,11
2.8669632447891047,1.0079388352850824,10
0.6664807369533238,2.3814409924426583,01
1.4759230189399992,2.951667169511205,01
2.304342203620133,2.07617866930849,11
2.759467336505022,1.3561661133194398,10
1.1908291620526104,2.349250700667507,01
1.6242646216489316,1.438527012909042,10
2.3301708263357903,1.3019616703606007,10
2.2969314130276204,1.6502257277343473,11
2.4597417925436575,0.998154152918274,10
1.7904998976765967,0.3275117136003988,10
0.32865801957646684,1.303296012887993,00
2.8399158496638397,0.38910786785235923,10
2.7192763306800045,1.2894399180503606,10
2.5072970412157263,1.7496588871006014,11
0.31372722461742625,2.9239154094895388,01
0.6421332668361142,0.11379580910782325,00
2.3360894442288873,1.9523691643781271,11
0.0726967511420159,1.4380174996694355,00
3.0763249154689456,0.06365221151956457,10
1.1848349571458774,0.783978716245817,00
2.2597869714781518,0.37223239835657734,10
2.788386811132733,0.6810788955711817,10
1.2397663574992601,0.8625878597511815,00
1.0025842817065391,1.2607410350757495,00
1.9124166584846891,1.6620262720442975,11
1.8252319483806108,0.00311015764623309,10
1.285351147995955,0.508527594192529,00
1.890531152149784,0.29394746965155805,10
2.938587238934859,1.726849912997565,11
1.469135194740961,1.0338191953336424,00
0.6180837896974186,1.722842298771945,01
1.1850275447153622,0.6968784565069966,00
1.238123601242982,0.07611876080278243,00
0.41189010683293165,2.9573913413631954,01
0.5116759096213356,0.3402599978514566,00
2.150615180699773,0.3985385106401287,10
1.0665008186798501,0.46039043357115533,00
2.999901772778913,3.082771118917394,11
0.7652817456569846,1.940436872932567,01
0.31078049849731576,1.9172824288324866,01
2.367204399567998,3.099803821200874,11
2.767856388252936,0.27783858784577814,10
0.8737188788126626,3.061484844927552,01
0.634878495507341,0.6409262024499127,00
0.5836015245967782,1.9574368582516373,01
1.6399500110565364,1.3197314426490585,10
1.4715742789600612,1.2062201965523816,00
0.8150542949355172,2.925587199455586,01
0.1419155324737342,0.4688127353798023,00
1.5126496575361463,3.132384680319167,01
3.0138314556830768,1.1910565067169905,10
2.0499495274108503,2.0381864718897065,11
1.5566797581100424,3.040768676988233,01
0.3477494065820595,0.18095903670964275,00
0.7930519958900419,2.8992639028256035,01
0.9260596744530315,1.7838320768538478,01
2.402701222310262,2.2129280602071426,11
2.7542682000093786,0.46867593612914077,10
2.832591423333407,1.6756860342159048,11
3.093113506635696,2.1159057382727973,11
3.0861959547725717,1.4333431891092654,10
2.9939350743813344,0.48690029695329345,10
0.2256359089689555,0.7669226928899826,00
0.432891160182954,2.6841541154652546,01
0.9565098028411072,0.10829381784535397,00
1.736981093151535,2.2269558980380477,11
0.30466502271778234,3.1396763967848726,01
2.657149509059807,0.02350852559585902,10
1.937596681245385,0.5059399340394752,10
1.7038880218412262,2.1178867831452983,11
0.5193408390458886,0.18846676521605057,00
0.7956255378570579,1.852879880442409,01
0.5036350799663653,2.1488497004020717,01
2.676426949877693,1.8477162464708279,11
1.8354059531908087,1.147261580214355,10
2.3094772089333504,2.1905769385498486,11
0.9300146673392912,1.8670310091175666,01
1.166324557302369,0.6523114144624179,00
1.2718893820117556,1.7691424867022756,01
2.3876574518493143,2.770593234511473,11
2.426418472056551,2.094918551494261,11
0.6497238587010725,1.4821767336545646,00
2.9579315553977445,1.0102862550859322,10
0.37904992172948265,0.26981948461375327,00
2.815250550861664,0.7685188031444996,10
0.31540222282584496,0.035144221315255374,00
0.8310763272949901,3.099576734337717,01
2.6592907503325365,0.6989486088417616,10
0.563890975860076,2.5600082751274242,01
1.2992619747637293,0.5298135217440397,00
1.413274671853514,0.8909592881504909,00
0.7705037878766927,1.3140569532510697,00
2.2313011067645387,1.0191504512501843,10
2.6745466803084055,2.50809304835382,11
2.7475588343825303,3.008682575012626,11
1.066011960246305,2.749818719565177,01
1.667715698849843,0.48247909855706267,10
0.7803917334889899,2.440039439745311,01
0.7690508908944192,0.4647889359593675,00
0.5065945792171116,2.8694713743032136,01
2.9531568185876327,1.6269635287719517,11
2.7896991804170956,1.0567723550454913,10
2.442144422994292,0.49331014885138375,10
1.6262816323236458,0.037099344668754954,10
1.5412902231650987,0.7789484474815253,00
1.6642450931499666,2.871478716038247,11
1.685678129605052,2.5046730462273232,11
1.365220194407583,3.0466967877672673,01
0.41392001508867,0.31655165451943834,00
0.3947846369935813,1.8603843902094457,01
2.9915807116837665,0.8078620400822207,10
1.5143442931207867,1.705701674182106,01
2.994583474403344,1.0067387142931086,10
0.5138919173112375,0.8905332901903203,00
1.7417509669172384,1.8027881851374916,11
0.6525629971530454,0.5759109905989324,00
0.7954028986093568,1.4738261591449324,00
0.09441924384285509,2.044587030728473,01
0.3737028471416317,0.40269585943300645,00
2.880364221863381,2.923548124859632,11
1.010125683927643,1.5887810005439844,01
1.9104942645842313,2.574623055883192,11
1.4608849808729345,2.0543044969816027,01
1.2580546901834508,2.2305337409865875,01
1.6709694371193973,2.2497917032314456,11
0.5882284928694631,2.7492074077655064,01
3.105790744899331,1.9276983269461858,11
2.5707899886947767,0.8740449599505945,10
2.329851081984021,0.31261876298746416,10
1.472650763800949,1.9045924922988258,01
0.4802776437740467,0.20845348087074259,00
2.8923570967631824,0.7580457351871518,10
1.0724991029169992,0.19071724516548524,00
0.15741480824759052,1.7243812172696449,01
1.0756928756304047,0.5037170754108766,00
2.4958603705986326,1.9176511504296379,11
1.9562972185810747,2.4845760851003718,11
2.3588289818662083,2.582014434503967,11
2.4932790915709604,0.9724596111315826,10
0.6658750490651143,1.7245915270678465,01
2.9021508793471527,1.7687504677793109,11
1.375984918883353,1.4856188974323081,00
2.0075205860719043,2.0581009885646626,11
0.00725322299731818,0.6600081648178222,00
3.120759176916081,3.0763833675633427,11
0.8824620225649128,0.3081268642542305,00
0.19497699956551232,2.6050750454050635,01
1.4396726631101728,1.8664075881330293,01
0.4053598797353733,0.7692338749803639,00
0.47854847357654157,2.342607104039962,01
1.986375040406797,0.26540456122777495,10
1.2344178067512448,2.4329053795132136,01
2.8960848851006835,1.8534932399251927,11
1.0026596988061833,0.34793238665686577,00
2.2813621565137567,0.2497740929305101,10
1.4485865823490978,2.358821909172287,01
2.0732981593547675,0.9202852918451213,10
1.883998527050866,2.793824161194084,11
1.4852946555546656,2.394123004367381,01
2.984704955333609,2.1934293436132366,11
1.0766666623639662,0.8752667281989007,00
0.5568017486800193,2.227214892761064,01
2.130295320102938,2.9786938001899754,11
2.6578111394863426,0.28764370302247755,10
0.12646085367477852,1.0246701599938408,00
1.4125627507625216,0.7372446651754179,00
2.803832769341031,1.2354317332563334,10
2.354996346202207,2.3321068150089657,11
3.115855835922617,1.4898770098254537,10
1.6694857265300513,1.7930030793662155,11
2.073437701586412,0.986946688476244,10
0.9502698290786903,0.4438733235119212,00
2.9767708789254805,0.8385967904986849,10
1.150876879598442,2.7007653188176866,01
2.320099829573675,1.8925487026990346,11
1.2665023036271974,1.1874864388565827,00
1.7650062233335964,2.481562829247155,11
2.2612635242059276,0.20249899626960166,10
1.5988637923030076,0.7976223766288871,10
2.8496957407906613,0.7228903783543774,10
1.3172729033169512,3.0956140696154097,01
2.032836007392208,2.2182741191552626,11
1.0755633053205755,1.9408317592493731,01
1.282261990428237,0.01566073034751614,00
1.3824581872379216,0.5790269485486154,00
0.39523440449991193,1.9966118570571811,01
0.2881584362920034,1.1929234465008653,00
2.0969814389030703,2.9037124632232927,11
2.059369711076329,2.402451988877938,11
2.0825922881557446,1.4054985164545044,10
0.06209811947618434,2.3546707471897492,01
1.0258771619906057,3.064323058012177,01
0.6214379629572121,1.4482139723279044,00
2.4446347924447163,2.0185546091318756,11
2.7037501464821174,2.88607000578946,11
0.7749692608784233,0.7812344913867666,00
2.0981100111429565,2.7852038285558742,11
0.40640523299229525,0.3064457341945729,00
0.86441715304702,2.0371600089518913,01
0.4355959467541044,2.4593585968730394,01
0.8907067574882849,1.9308423832540196,01
2.119747380261033,1.5567685003236862,10
2.8598763334030846,1.9394531138414992,11
0.6362429089219379,0.4764655933176849,00
1.7029915138662242,0.6772353599025474,10
2.2034851309596215,0.8479137961819486,10
2.9936942264349042,1.8779791849910783,11
1.9165615312837871,1.388273166890955,10
0.8014420603954572,0.7680435107336889,00
1.964997582741706,2.7734273123859245,11
1.0068526790681143,1.1747101064819665,00
3.0665977811574967,1.4012499724006513,10
1.2556196100452428,1.2871138922541507,00
2.153334692109598,0.5715906516698623,10
0.07297160206122841,2.2984740568434474,01
1.2568301001614561,1.408873182185489,00
2.7492316491145,0.05107321700756622,10
1.917086056450359,3.0285383652934357,11
1.3946877105150475,2.562796969254029,01
2.9403343724464777,2.273128751250985,11
2.6828710423845976,2.7303326357156226,11
1.012270393753628,2.848819006149133,01
1.7107492593771336,1.0602551822395287,10
1.5388282844901664,1.9193832957608292,01
1.986122729941952,1.912626140848391,11
1.0496415017592047,0.8397466758423562,00
0.7671926363760043,0.6972835625938208,00
2.867243132777106,0.35785019493002035,10
2.9024373404634543,2.0712966342985895,11
2.6493769825139775,2.4533293652710517,11
3.0731198533989312,2.3906042901778837,11
2.3404599043761203,0.9936084014756562,10
2.4022729476912454,0.6448428382984188,10
2.395747430610197,1.4250709705972098,10
1.5098734026275447,1.7178651495756025,01
1.4339868610009752,2.887397369234957,01
0.7546931043489412,2.7483379946576187,01
2.025759243892836,2.8778821238775465,11
0.9089260141146932,2.671178062766929,01
0.8099290059545842,3.03032122564791,01
1.840851948147546,1.4624113713523803,10
1.287997658948994,0.14914239077602318,00
0.6875583143787918,0.2625178663166933,00
2.5637155871484434,1.2260886598633618,10
2.7035601363555726,0.8095478728681708,10
0.5268435790302536,0.5338841133666341,00
0.023584039094737202,2.994577975370432,01
1.0559834397832488,0.6139287433183526,00
2.5054541825329086,3.013978873911851,11
2.6363424532462973,2.3902457113188817,11
0.4345735904544876,2.013590214898774,01
2.4326479785675055,2.1237761987042028,11
0.3634953620090279,1.0413573000611493,00
1.2254177676759586,2.030810433845709,01
3.137224316166301,0.5865105872755398,10
0.6050419154110367,2.9458884980862727,01
0.4836908599462367,0.9481117397225276,00
1.328266418664328,0.8016920723165935,00
1.9467460888477326,2.234183822313126,11
2.9307942445576463,2.0622944701351544,11
3.0813405052921055,1.4177973664403478,10
0.21878251230684193,1.9868884446951005,01
0.43353198671380944,0.5010622625423753,00
2.484176609706132,2.115323263988032,11
0.8502159813993294,0.8501485720080478,00
2.7798353048810203,0.8571394999617544,10
2.0842998789111182,0.5095032921790642,10
0.35137080950133764,1.0441935656508374,00
2.6154678854156246,1.040655897567898,10
0.5540399078470609,1.4268454465785219,00
1.3304500207547103,0.5982205169600109,00
1.734740114984996,0.6063510576838466,10
1.5732032551170534,1.7019219169034259,11
2.1556443748623098,0.40488030772648365,10
2.050475851360761,2.1642337793777133,11
3.116591876619422,2.965497355987133,11
3.1397765278553935,1.3408179896050993,10
1.6225050651975026,2.830905831904896,11
0.29907675222470614,0.30887068040700716,00
2.286587161004685,0.13495536657897275,10
3.0682806931502835,2.266247166125795,11
1.000051840819107,2.390819782902018,01
1.4489304475176554,2.648545576366338,01
1.3344760664147002,0.1784980010554091,00
0.1615380382098474,2.4407254963744602,01
2.111980998401295,1.1829313167457514,10
1.1100431070634489,0.9529632783917142,00
2.4738907235096814,0.5435706801873998,10
2.614182315410473,3.1290757790897894,11
2.5799726060775585,0.2000050645052996,10
1.3089948384427466,2.5981223031523712,01
1.010165553121528,2.0090310205485933,01
2.3524898602574007,2.309323323490603,11
2.517639158024782,2.2359252753804015,11
1.5433307846043975,2.696851471894047,01
2.8055396904030525,0.5773998164480119,10
0.4521025023880849,0.002590610189874048,00
2.7616760201767336,1.880332704142524,11
0.3018920779494619,1.1116797017074662,00
0.4823146522253128,0.38888937004508695,00
1.6771078638937515,0.5847721424422337,10
0.21211556133833104,1.0422212028553595,00
0.16589840181595797,0.22064464201451411,00
0.0016296828600730288,0.1787980976990122,00
1.370729212734335,2.8777813526769784,01
2.433552694762881,0.9804997045347486,10
0.10944790530257097,3.085768743313393,01
2.0491277047211938,3.029648308735151,11
2.585930733363765,0.44790089317173704,10
0.5277902316890911,2.2460009378514774,01
0.4613860303936831,1.8874842259224307,01
2.7042860149292176,2.1697317710904436,11
2.5859222276081817,0.30219293898692967,10
1.693135493608277,0.5923789577986412,10
2.573592322611614,0.24076745579504458,10
0.2914018114125988,1.8979435808922593,01
1.239300238733341,3.099467275984755,01
2.317859382100284,2.1111016868321224,11
0.8088091840644616,2.2329232168790987,01
2.3635109906676335,3.093165133346773,11
1.5839237996513353,2.130036117635113,11
2.3570301159764573,0.1262341333792871,10
1.4598341365653522,2.7237784262722915,01
1.155805572464662,1.1456706379777117,00
0.6886032322353741,0.013708721293676158,00
0.6546430082121224,1.5935231658747346,01
2.3608780097313367,2.9437194430563034,11
0.3735678758192958,0.8084281964349722,00
0.27012151944693075,1.5441341736054106,00
0.5538356572448407,0.5459361940208567,00
0.5508673122162395,0.18124687347325621,00
2.585868860923915,0.2530394128776977,10
1.2519454807134596,2.2839721212478543,01
3.11139710184382,2.7145700094380243,11
0.4310618794648031,0.4501865806635707,00
2.053155915227504,0.9057794945268991,10
1.409725323272417,0.6127031427865177,00
1.2343888573734239,0.08436991149851227,00
2.749158091020813,1.7386559259030832,11
3.06492411380869,2.1988703477890588,11
2.742167292504996,2.035367134374799,11
0.6041304005371027,1.2191061734042004,00
0.6936571271978852,1.7436161113118709,01
2.061116878777209,0.2956216904362567,10
0.9081828563479682,0.48475942916077125,00
2.3082070732680697,2.927319131442149,11
1.7794629554251291,2.3923471462026966,11
1.73073093988765,2.898870364624434,11
2.602956932227944,2.8798360474738134,11
2.23220453584159,2.0401270752011276,11
0.08349651126432754,2.916147717687299,01
0.15538046191081292,1.3091145489645903,00
1.8898516149406637,0.011360768049952846,10
1.5274174530085138,0.1965729578692102,00
0.8173942018023341,0.343964578082874,00
1.3152468882888277,0.2995617080136921,00
2.3810454894110533,1.1049056473451537,10
2.596876567574305,2.203107215791743,11
1.7631342671084884,2.483896482385652,11
1.210673929978387,1.85420968673225,01
0.8504189572635766,0.46004281020799953,00
1.6396552335415058,2.3496021789167436,11
0.9888150894020489,1.1146431026422408,00
1.772157138473283,0.04081980873284578,10
2.125766153926308,0.8814951489465795,10
0.20759396357938126,1.0386122721620108,00
0.003353540273426785,0.861567758720993,00
0.6668882999071386,2.550565308922939,01
2.8101907497849257,2.3873791879505504,11
2.030382313841782,2.185141148933819,11
0.5402293783540664,0.436697333465805,00
2.796846722220825,2.5378850760539757,11
1.4764101295175909,2.127411026349101,01
1.4956863652163397,0.6121006444923721,00
2.9390916979012,2.0360471302085474,11
0.18688295514953837,1.5189966193023097,00
0.6760024867857091,1.3802589266817378,00
1.840254891789634,0.35224530666210413,10
0.6141389823787348,1.6283009053193491,01
2.1347970600467057,0.3139450369275162,10
0.6725907633704605,0.5160172347252434,00
0.31151081038545425,0.41640652718599847,00
0.6502630569297727,2.997419560255536,01
1.3280581364914865,0.8949288187656556,00
0.5533547866979489,1.1159072935325496,00
0.42314747599632124,1.0118460666033735,00
2.7026552537617947,2.8219369996554176,11
1.0065575010520156,1.7686095712711685,01
1.1333568392844486,2.8876259859632287,01
0.17363711244995625,0.9422418807775271,00
1.1227097838102036,0.36076376957278644,00
0.8319162828913244,1.7474118048693486,01
1.917895402687233,1.0855364749510357,10
0.6452526502862537,2.5192646169579884,01
2.790882381045188,2.762790120831759,11
2.920633826568521,1.4846334701467927,10
0.31362851582670664,3.051614374065184,01
0.33741633845001984,1.737341598071191,01
0.3623086907341578,0.851121517570096,00
1.9464342240145678,1.536161886790856,10
0.3831768019269077,0.11721374051632442,00
2.677838028059564,2.525844138560123,11
2.3696138501409267,0.31866761058075593,10
2.5755054863884124,0.9699619832879931,10
1.652667886608699,1.775994311023479,11
3.1311538057089328,0.1350103390193958,10
0.1387801788809499,0.24918138777396007,00
1.2606110636300651,2.186914035120726,01
1.0176770593628268,0.22549438825574197,00
2.9802577296166586,1.4988000277563198,10
1.8122621493588045,1.064043713757571,10
2.5327236144316116,0.7165325924709873,10
0.535142642601319,0.5930663986812692,00
3.0744698370297554,2.3983273120577513,11
1.5665223372559751,2.9893579635816474,01
1.550916568094281,0.44038764828809807,00
3.05012433068181,3.0149274679455336,11
1.1961059889836783,1.8685015115480597,01
1.2488616967600679,2.015835615588657,01
1.8370547952987646,2.230299494162345,11
0.4022891405699223,2.212054733191749,01
1.0087202451087602,2.575512554807465,01
0.60698184640603,1.5188615633148914,00
0.3244746191999019,1.6755954202652137,01
2.7210735321959563,1.0173325319730713,10
1.8514384620375848,0.33067648336357924,10
1.1268038069066293,2.0880287410943272,01
1.28387271368238,0.1055888322829052,00
1.35565693186858,0.8659330515553572,00
1.9890968192522047,0.29603184989263065,10
2.911531911873704,0.5991870362851157,10
2.9304136005326575,2.006632343579114,11
1.2299083268328577,1.97441756440464,01
1.034408524175259,1.3227830214252185,00
1.4170043714093845,0.28328361889905695,00
1.7842180060363249,1.361484312206314,10
1.4508437579067108,1.1081806980214874,00
2.069534872807374,2.2633891818237775,11
1.7416958990072215,1.8190657385511564,11
1.0075576053861437,1.5442994034221456,00
1.0861453595035664,1.529899332199233,00
1.1893843200997318,3.0357112022040162,01
0.2973196006697201,2.3759683708559702,01
0.5217011460275202,1.561307336125822,00
2.271729008529328,1.5055222400861175,10
1.2223833704537137,0.08318655013333308,00
0.6739940601036495,2.9609801775858324,01
1.7676875114396315,1.002714604921319,10
2.3735974761311125,0.8040563394030612,10
0.8087162024139486,3.139735737929978,01
2.597437019114008,2.2578301922094757,11
2.9138424531668883,0.14879768224333553,10
1.876770263833112,0.1944189599874509,10
2.101561051124037,0.08011552599240786,10
0.16517234495411884,1.8837583296632259,01
2.970438343457443,0.2248265076524541,10
1.2330271578128895,2.932326004810282,01
2.9025187110021897,2.9433787032354766,11
1.8189115383489647,1.715479444558598,11
0.014510384514607053,1.9372283367909795,01
0.12108326192916842,0.9170133074557141,00
2.137598721256968,0.20097566926129298,10
1.767673698664361,2.316800316927666,11
0.08335410980843566,0.3197701144922866,00
2.335648352414398,0.26878725648185664,10
2.677093530727339,0.9777362335033635,10
1.5595415159448711,0.03916202536883961,00
1.4632201529811384,1.3635631018563645,00
0.017194278507163093,2.223245148193308,01
2.471332957718414,2.5175119159171944,11
1.0389751657136765,1.8984873861253464,01
2.7607173321508007,2.6605337750173783,11
1.1720044012162711,1.277064337022815,00
1.7752446127432941,2.6664961469980843,11
0.8493037757653352,1.5911328315010107,01
0.5045030630691618,0.7006886612045573,00
2.434444976471449,2.9661210274673047,11
1.5600850001861157,0.863846477197851,00
1.685426519999712,0.08231439023751996,10
3.0329436671166055,0.7623829905644465,10
3.0271755733838157,1.1519829486090922,10
2.6880790036422546,1.1037975838626526,10
0.5893919758958062,1.648291593245178,01
1.8669627306468564,2.774424924791717,11
2.7587814980666328,0.9184076266512954,10
1.176413151782298,1.636049116170015,01
0.3176343881358643,1.0685780381074457,00
2.547715096010796,2.5816762062448553,11
1.5135048337267274,0.49511975634171784,00
1.7730918983562476,0.32518709849398814,10
3.085497306077257,1.5802061923617872,11
1.9076109692159262,2.1107971034790514,11
1.3351121159357275,2.499216127492295,01
1.1623401719718203,1.8523611062613043,01
1.3119897017993156,2.4311207251419873,01
0.37196168990587264,1.2337350349658156,00
2.4967825157610295,0.1032568314497506,10
2.631765127468731,0.36473673279038943,10
0.8934599486778091,0.12165063954890148,00
0.9544052245821021,1.033406955781958,00
2.7468020764833443,1.5566319576470455,10
0.07530509283056035,1.119404389002242,00
1.6350652818452454,1.761175192474872,11
1.4566802188914005,1.5098781701529878,00
2.168097189353345,2.1298201258898355,11
0.5133101648470725,2.0953234332731507,01
2.0996229454502795,0.9992279879269307,10
1.183544791497151,1.0876647895289966,00
1.943749801765186,1.838296097732389,11
0.12596218846192306,1.8737478594882988,01
1.4505587706374605,0.9886589367677597,00
1.6406995718657222,1.0377242433013882,10
0.6733262526795524,2.1804067146862307,01
0.4386406462364874,2.033901085001983,01
0.5921094857339027,0.4242746158433703,00
1.0811510826422857,1.3855739291136495,00
0.3041380538494293,2.804518858692142,01
2.976092910864309,0.11405764533342984,10
1.2723263683427526,2.6865767718896607,01
2.541452960212658,0.512639299459035,10
3.0612216754908537,1.5935685772851957,11
0.2536373625421201,1.3330922077550602,00
2.0472800130333466,0.0318222517776598,10
2.7376123851775884,2.875804292679386,11
1.9925062384035543,1.4291897521261212,10
1.3478253110545708,2.9979222078249395,01
1.3542663182915933,0.9008325327779899,00
0.11277967655277617,2.721485605746435,01
1.6794977928539714,2.8977723094124914,11
3.1213073797311472,1.7493406285510973,11
3.011868520534674,0.6367310494110519,10
0.12691792054123274,2.1527682985946006,01
2.2173266815280885,1.7246654607908807,11
0.9480222883265811,2.9673274593402317,01
2.836824090611986,1.3800138823110826,10
0.1417321536888411,0.8435605028138631,00
2.9401352035629555,0.4344414279808476,10
2.631007644243328,2.1948220869372923,11
0.3691509040493798,3.0602556227805495,01
0.18794369862190485,0.08904458140214001,00
2.622311466144597,2.326177686955651,11
0.4893271548739947,2.912037617406772,01
1.6804321078077442,0.23493311855281437,10
2.876897318074383,0.34610940435108406,10
1.782690824819941,2.173847337088914,11
1.2479452216682436,2.0356369815094504,01
1.3980591686588144,0.2162277023230911,00
0.1982884397986541,2.6214163881462498,01
3.0434251759376574,1.6443845151032155,11
0.9759489056576536,2.8500446034302587,01
0.5949029542975496,2.7582897016455106,01
0.8986441020409679,2.552568438232633,01
3.0296677443899878,1.620744182436557,11
0.29620837297389707,0.7907723029503886,00
2.724712860474602,1.5895689259836077,11
2.223757178539978,0.3167082839003374,10
2.607582155584633,2.0698262198900457,11
3.065872543476132,0.4209018476782395,10
2.6457068789582476,1.6058972237060025,11
2.963723064300768,0.17084601053018464,10
0.3987788702158874,0.9409462391052119,00
2.5000435101393155,0.7291022702819403,10
1.714290751767531,1.94788653957693,11
1.7074417687613033,2.4717633544319817,11
2.824045420321882,0.18002254101350681,10
3.053011737391016,2.6712449787514116,11
2.2143148976410068,2.7041814669168054,11
1.5171956965010427,1.0752700093342316,00
1.4338350070544772,2.070322332338167,01
1.2137274837895233,1.2648461426390716,00
1.1359968548506754,0.48440494273747564,00
1.229955017665952,1.6608419703868798,01
0.2819681045010715,0.2713069189806218,00
0.24327263657694556,2.759801669775227,01
2.4500333722654735,2.9037419179495036,11
1.4013793233637288,2.5811737953278895,01
2.9238315520217535,1.7672342116046542,11
1.9233490229720946,1.751747637531748,11
0.11050860721337853,3.0932353009997997,01
0.494874171851911,0.7788061275861397,00
0.6466019496930364,0.23859882837994933,00
3.0653651260654686,1.7653894773369232,11
0.6870795901870168,1.032910418686349,00
1.6202942436737775,1.0126571206209012,10
2.941086570901074,0.022259296608390582,10
3.0699415014403,1.8731413488165023,11
0.7425482074002286,0.8294863393691838,00
0.15430762876676668,0.5901750349161707,00
0.48255438867855177,0.12702065863470702,00
0.19895228345497418,1.144675651906176,00
0.6130008823529677,2.761362152223399,01
1.7862144387668997,1.0576825358260475,10
2.866542435219238,2.133374549754007,11
1.6877228983838481,2.376762382319098,11
1.9666041925497633,1.0307590917887974,10
0.6341846746568967,2.5812604970039468,01
2.5151076212932852,2.1736040559778935,11
1.940841096430397,1.7569112772640922,11
2.7147659142882423,0.0031179177704077714,10
2.9808785343786854,0.11024089243193308,10
1.0929625212951004,3.1128968565366577,01
0.28456250486401613,2.457617427100182,01
0.7097767544245613,2.945448129222104,01
1.375519846163463,2.834669119881001,01
2.970984229118269,0.06422352565872601,10
1.1884953587491809,2.4876616283726256,01
2.421455465634922,1.4173161550837448,10
1.697957605560156,2.480470253270011,11
0.574310690197739,0.021098258190785434,00
1.0076159518597585,0.9054048074214047,00
2.052062827372156,2.3603532544932997,11
2.1138312816850147,2.4913482836147387,11
1.365838026651858,1.946890838498191,01
0.7183113455989102,0.9464242316128372,00
2.2679370350936905,0.9750328367390417,10
0.5305303069198681,3.03717856593316,01
2.942634622803697,1.3798257556493405,10
0.5903165034842243,1.4046863438783324,00
0.33713173071400854,1.7352045104932277,01
1.563406365826914,1.2864895331210164,00
1.6322132005969443,1.7362689271872132,11
1.5965351276737176,1.3582217880531973,10
1.3718313765683974,2.5972015180353063,01
3.125303158995215,2.8558680055365984,11
1.5276956003490436,2.9283107445716134,01
1.5015134668606138,1.7727888146821946,01
1.3250171641575577,1.389050659925783,00
0.20993930004070943,2.2155769877176716,01
1.8628281963169864,2.6336712357462324,11
0.7161818784715812,1.768660875777241,01
2.003107688150463,2.1990552358090927,11
0.1596980306138721,2.355344220406518,01
3.0831185076242122,2.124953719868883,11
1.4734229107225114,2.344047697276029,01
2.8172400874565233,0.6554786439637238,10
1.4940194881611308,1.56568981565982,00
0.18953485641783363,1.848100169485228,01
2.5830600360903166,0.00778464937652717,10
2.0363292432987015,2.6890855294373517,11
2.4559621975503525,1.9164485142402605,11
1.3451352976880209,0.40569375097461013,00
2.0041373891802503,2.564661381910288,11
2.689922748117929,2.252700897974998,11
1.9825505592607109,2.382268274965856,11
1.0922489370473343,1.231637718080464,00
2.081398106446679,2.683556319710973,11
2.110692183233485,1.3007060104105739,10
3.017772944544947,1.7923073636996054,11
1.1652554244812432,0.0020178565848968386,00
1.335433757997359,2.0259286395695404,01
2.551359528676854,2.2562157925351563,11
1.5888991724583645,1.7816266164015588,11
2.3140126181642975,1.5599855316994624,10
1.444219876313103,2.5444904756871254,01
0.6769979544030704,2.1405955226028395,01
2.3411269179077068,0.8735953603384605,10
0.41203611599101114,3.0130177531659235,01
0.6238689784729048,2.2219454214091483,01
1.9692287610014183,3.1037016812666423,11
2.347617314532919,3.0513074159062294,11
2.8107448926397036,2.8868400344924114,11
0.8563557377495384,2.373069684644226,01
0.347850517393678,1.9145788269519397,01
3.003509162045354,0.5408900921899538,10
0.4851344388750127,1.7069888212960782,01
0.6209891393084396,2.4045012599841225,01
0.9152384710736048,1.6363210233590648,01
1.663131988682938,2.7276536673584193,11
2.77347831265391,0.3444941673234222,10
2.389325797725086,1.1967593988855276,10
2.224742568736141,1.5895341004316645,11
0.5503459850281094,1.3581899734634235,00
1.1236931275186657,0.3411347009148679,00
1.5029534012350754,0.48232336068878484,00
0.463152292418787,2.6314523337545688,01
0.8590047434743998,1.5217380302218126,00
0.9686573283960589,0.15306601795143596,00
0.3998499696473472,0.05180881805263169,00
1.7286289738124931,1.4874668445608505,10
2.2149114027740655,0.5164109977706823,10
0.2196966997012559,2.2152184918067084,01
1.5114928019714458,2.4985823471047808,01
2.457388944608996,0.7172152621275737,10
2.3498802940746892,1.8603787396658502,11
2.5606276512195247,0.48520215735998334,10
1.4081894802092163,0.9537330280062359,00
2.577856102672459,2.7922333950641005,11
0.7563480798559293,1.7093345670330549,01
1.133519809086875,2.783101416563267,01
0.554037383293758,0.7076368468475713,00
1.4686459947356092,1.0368020522558055,00
1.231692886186606,1.4795397783683395,00
0.7568948589777761,1.5082160373660114,00
2.3617887532299475,3.1342035245731044,11
0.9859787136188188,0.3595405733174428,00
0.857040079453642,2.676527096961324,01
0.41120410182585276,2.7133371500851973,01
1.378599034616773,1.7379247568150396,01
0.9517914522528264,1.080824640364793,00
1.1601048455270162,1.6311969147841592,01
0.7414072665160293,0.918814392832569,00
2.3975236803649196,2.5104700894477983,11
2.9216916838634965,1.5653901444412757,10
1.5642990507099237,2.908618987544966,01
2.0200391230373795,1.9562425528828993,11
2.724302053584364,1.6157818385122908,11
3.137915850835179,2.2338902586490326,11
1.9274188812834752,1.5831520989557506,11
2.7953246353966965,2.84159050560305,11
2.854476992370308,0.5794540757064109,10
2.486418179769138,3.0578650742374323,11
1.448058672004207,2.551571871010745,01
0.254952811541145,2.7040736063343194,01
0.049654616856630675,1.5170996985379284,00
1.4991700038100328,2.6301462369729887,01
1.5529349071150205,0.9637592072778889,00
1.2797666850591096,2.3937308001933366,01
1.784950376826522,0.4412371857904764,10
1.7346702922874686,0.9646320434584879,10
2.6282973836057244,1.400310460675949,10
0.34135635736907116,1.0125972586265068,00
0.707416501589677,1.2158501272584468,00
2.4912986161597033,2.5764350413865977,11
2.663558073512418,0.8063710971074397,10
3.1253324411245615,2.341369855299594,11
2.7423339779119167,0.23157329480206854,10
2.7957001830552866,2.40564035473572,11
0.9875531872371748,2.48821440114638,01
1.2618572386327291,1.2619739220746131,00
0.8422141958410928,2.269731021644471,01
1.904745735238148,2.8749920862234934,11
2.949344003927595,2.51551399535294,11
1.082721277191572,1.22662388868286,00
1.7498727059951884,1.5212016192311468,10
0.9308527422940392,2.4484239372188643,01
0.5334423501840775,0.9192130139501252,00
0.6131934265653202,2.5254721113019887,01
0.18204066871071847,1.0306658913242626,00
2.982293557986256,2.5320940924849653,11
1.265683618368701,0.27269163515896944,00
2.6204680665195883,0.1394782218135548,10
2.1404596660761412,3.134289856123944,11
0.6029381107574868,2.7314801109654145,01
0.5512309048352231,2.7735472311295157,01
2.5509361686671164,2.988534094908233,11
0.8316163654015257,1.3770112976051456,00
2.8691700237505318,0.9011204713715195,10
0.4399970304680492,0.40848556913129347,00
2.129084404444679,1.5745949318365458,11
2.5587451454795858,0.6913021870440836,10
0.7390797415566572,2.9391196985918837,01
0.8677310239025537,0.012576305721361378,00
3.030125446943526,0.449865819311815,10
0.8312578931129422,0.7743267293341708,00
1.3507499093251303,0.6250409435235648,00
1.3587878102932485,0.7093038776978069,00
0.7949321114820243,2.0610343364653763,01
2.4372195778712076,1.0289095391905145,10
2.424836226366821,1.9321560799662407,11
1.1885210942061237,2.796827784143218,01
2.6236250500825973,1.892987907946373,11
0.669394648572033,2.181939114782509,01
0.013526993205584922,1.1482624765550553,00
1.7943751886045776,0.5018331963791941,10
3.1229874270332982,1.0071445354505966,10
0.12140467985518852,3.029383285152933,01
0.6534452203233281,1.953478077316474,01
1.6302184286775976,0.8718268941033818,10
2.5445038674583125,1.4165920907079443,10
0.2797337090046923,2.6248416203717055,01
1.241666284693048,2.0999774110685876,01
2.347007846933564,1.7613428456490032,11
1.167237414020607,2.7808211904632834,01
0.5932471112964606,2.1125312200593314,01
0.6141682551565769,2.0191950004970507,01
1.2882062565855523,0.5961741857467691,00
1.5061331602156958,0.3342299049768735,00
2.707469843768554,3.032083384617625,11
2.017695479923485,1.8813690560480254,11
2.1689617083299337,1.305907944393582,10
3.088145276670215,1.8504634837829688,11
1.2938443264786856,0.1941880028068793,00
1.2671752300405565,2.5827890040129455,01
2.9007800505218237,0.6806120229619441,10
0.7724409378321702,2.52755582292347,01
2.2927822162629115,1.6787993915937092,11
2.3705614276222873,0.8688766062930616,10
0.30721005438386145,0.09490735146261645,00
1.4709923443069857,2.563016075647576,01
0.6300855864896077,0.5543658840913894,00
0.5823735951934927,0.1627505707125961,00
1.457158984358607,2.37465992617471,01
0.9092702428379794,1.0996932158458486,00
2.5008976540748384,1.223128851759415,10
2.8513248591545017,0.7761857171412617,10
2.5218211564590813,2.6991887967966264,11
0.8357606350563056,0.9340882549116157,00
0.8612185973084242,0.6603394329689767,00
0.8002527133900843,0.971536668382322,00
0.42423469052502405,0.6382132129257817,00
2.9650300197046544,0.9979433080560834,10
1.2630704090822011,0.2605518284791382,00
0.7058828025722678,0.4980367748550663,00
2.6598955522838508,1.3102102746357789,10
1.2541090301772686,2.7629266125968712,01
0.11032271579962896,0.17998418902140673,00
0.5087544474070367,0.6681372963616757,00
2.0082641730677184,2.853652101201537,11
2.459569457794591,2.7960635619279235,11
0.662669925265596,2.1345577463579923,01
2.8820832436741917,0.7554699509282273,10
2.673486300581951,1.3188737745122658,10
2.665266744405261,0.6635703244102416,10
0.7152185862922386,0.4039727156038026,00
0.15876349068491846,1.1938001645807574,00
2.7250914191893405,1.8089969242672954,11
0.9606997520711617,1.1307618490271514,00
1.9443831562811291,1.9189619203761783,11
2.3875063788057425,0.9307117002588142,10
0.4030451584436313,1.0865214772534515,00
2.4530760381981835,2.4839743468981617,11
2.948420704781923,2.7593071061158403,11
2.288257441447636,1.0116999047434896,10
1.3861421452232183,1.7954698429168034,01
2.754165600265123,0.8738725875817077,10
1.657057015715834,0.1675557185698981,10
2.3397668754363687,2.3180467003603296,11
2.57769544545295,0.5372232866729553,10
2.354161445260085,1.3374153371444852,10
0.904322763892881,1.5300985439639754,00
0.3702175333561225,0.5795345736531503,00
0.7487625729112433,0.2970543950017325,00
1.579828207691908,1.0933151302442723,10
1.5873742671044506,2.991694411277169,11
1.8304312074621565,1.9325054504692478,11
1.2412490302602819,1.1982355715545636,00
2.472092183136531,0.12224194868942272,10
2.868757113688756,1.8858141309644614,11
0.7751096154676558,0.2898359270000915,00
2.313855929930567,1.7044524678516075,11
2.129911391296175,2.3623221926496187,11
1.643337269698513,1.3307326183711745,10
0.5922851977186273,0.9406289525159315,00
2.498295821461059,0.1488619608573488,10
3.017896481776791,0.0778419905792375,10
2.2677157184393213,1.350968312046789,10
2.8835422224233582,2.775111013023731,11
3.09190919813196,0.7667458328713976,10
1.1059998118813241,1.8034485597169427,01
2.0050384252213567,2.1498101359146813,11
1.4889036068594845,0.1911026648611176,00
3.0995856229660275,0.480979015885726,10
0.2947059707519128,1.0407367405116954,00
1.2955140012808815,2.105159793125815,01
2.750587030217792,1.3792694832437595,10
0.892373510392654,2.3065418326162965,01
2.474924232117644,2.7256390807549264,11
1.2025487721083172,2.3824967728481488,01
3.078693381594573,3.117236537040292,11
2.775690843336111,2.3698951916814956,11
0.9466258220099213,2.6771998985774705,01
2.419633027335975,2.6149560368489353,11
1.058266043420245,2.2941975539471446,01
1.9049450442309666,2.518934696841096,11
2.068678344514528,2.9363939621018504,11
2.6062508426354696,1.4929080093098648,10
0.07681458208903093,2.0052378252053393,01
0.691646413473886,1.617730846334596,01
2.236555763704809,2.6736115468958075,11
1.7703604613906385,1.355156159436538,10
1.556989272758506,2.5752476021791746,01
0.17344719439880193,2.5112464606128984,01
1.0941409569050058,3.021854309649691,01
2.717792533189319,0.7820074401135411,10
0.09705270988094539,2.2293354391015714,01
1.2454411646388879,2.3779327331682194,01
2.9692709170994718,2.9414056347092616,11
0.15984654185587036,2.849117974086076,01
2.3552700798358495,1.801784633787017,11
0.8093139024695328,1.8194633940134028,01
2.7225319406300077,0.5255608941647392,10
2.3438416817773255,3.062935663458571,11
2.782524858015125,0.8011609873661948,10
0.678347735346781,2.2768259796770267,01
1.6691054154436125,2.500063740859824,11
2.4481487298979268,1.3861193879370282,10
0.7718885075819325,0.6634846393275882,00
0.7249108974704765,0.5936365548840725,00
0.08539519090491014,2.6907615442614774,01
3.011264605906742,1.6045888265424666,11
2.23058381430435,0.2831736805881738,10
1.996671739071325,2.252583108112718,11
2.3373283551281587,0.7859355416331052,10
1.6701112399270204,2.75327531060362,11
1.49581851446327,0.9725484487504417,00
1.4122471862654087,0.6291693685395233,00
2.011999123815635,0.2665906628672458,10
0.6331407981341107,1.60702246094327,01
2.7899186722152534,1.4160338945867157,10
2.550195285956538,2.360316714038026,11
1.0981864737000264,1.4595920747644544,00
1.8177547161649827,1.0801297221596606,10
0.4430503294785701,0.8220131607281143,00
3.0547158292537913,0.8738237721883713,10
2.8365210344392424,2.9149201520309638,11
2.8962264337806367,0.5186097235839439,10
1.0435209904591596,3.1044477958393712,01
0.531352354181039,1.027047758747471,00
0.6653018729805773,0.2776861142366824,00
0.2827477089201165,0.7812838733016049,00
0.3773386731445501,0.18351418567279593,00
0.22400980076275254,2.4819517189225984,01
3.109620882567732,1.6102324646151887,11
0.23265907401416058,1.0586746861900054,00
0.4163932278084647,2.0798901742225437,01
2.598896960156253,1.9812344929374508,11
1.8228784022369795,2.952695250831488,11
2.4329034006885584,3.019888977602638,11
1.9820685286801594,2.1384311490482,11
2.771434720125482,2.5692445090190046,11
2.0058048947813463,2.4894768737331514,11
1.640304356119427,1.543475569012718,10
2.239169201768874,2.2131209824462252,11
1.405525782299413,0.24585792361593128,00
1.0871915637107137,2.3813934660911817,01
1.4691735090508375,3.0216875093757207,01
0.5331725857882043,0.26695606016042617,00
2.502503894405449,2.626735206424236,11
0.8190250842080835,2.93104319766736,01
0.4823335780667492,0.7105933545257895,00
0.7739383929815618,1.6487429715148092,01
2.6454414026149107,2.9149525846873865,11
1.0373579644556645,3.0166389615952354,01
2.1552892300359723,0.40175435920478336,10
2.6904902041316188,1.0964291110767987,10
0.24424207446749768,2.1932860757826136,01
2.403395051124241,0.6960465540112173,10
0.9665595689396382,1.020297021019824,00
0.6805392279238413,0.07317102300506345,00
2.1642477420735955,0.48230258498021067,10
2.858210386239532,1.7666102085596467,11
0.9268301787587353,2.0517429544336916,01
1.787044104108903,2.038616641398182,11
0.9105407228292703,2.4452915368415384,01
1.7413395241088616,1.3046450385741706,10
1.953637187050107,0.8591964249682249,10
1.917425173649099,0.04894821279138267,10
1.9589286940422361,0.6491467435387155,10
0.4243656828790094,0.9813952558849082,00
2.1788216442208537,0.5598533511383611,10
2.1197907626112045,0.06328572366417463,10
2.1444138301842117,0.49463625070784656,10
0.23269950433125514,2.092613464047326,01
1.4037856246668692,1.9779009191975774,01
1.2850217658949954,2.939536847617051,01
0.2724121599953459,2.507519640582104,01
0.6985894486746053,1.7836584456989546,01
1.385324964564333,0.43214601073931747,00
2.333909005355654,1.7720838824323049,11
0.7447524794997559,0.19350659086540611,00
2.606736221965213,1.3536648282487267,10
1.714675884821001,1.2260336417005342,10
2.388935179806365,1.3440167205988818,10
1.484578405660971,0.8790990495130805,00
1.568264911300904,2.154599895863204,01
1.9469058809622302,2.6419049605428278,11
2.915305645361006,2.414367338107869,11
1.54507479270983,1.9721413724122256,01
1.660826637985873,1.6912600666828659,11
1.8912292381014493,0.09765383155609093,10
2.316972137245803,2.271164139320833,11
0.22572448612151574,1.7121143993115775,01
1.6200798684091655,0.850558095790849,10
1.5129645986803397,1.0299461407998718,00
2.8955587754047754,2.939295407022094,11
1.5503966475970294,1.9614918424391101,01
1.471272351320954,1.4951230084721234,00
3.022840415264803,1.9506831759221273,11
1.4155277079289983,1.2998098486541008,00
0.5682651974486538,1.4771211753427447,00
0.681462097851846,0.9120334281419307,00
0.29904047115273474,1.3818398977959334,00
0.0017848307061892965,2.153851520785165,01
1.3569973153491013,0.12548125842188554,00
2.4166468422349414,2.49765226216414,11
2.3042527883546025,0.8890064466861131,10
0.1009993380610474,2.1443248326833078,01
1.7906541026027931,2.0191811268750643,11
0.48469473337184893,2.0502914847089633,01
2.956478342684349,1.9104933357447529,11
0.525792653350212,3.013107288523718,01
1.968645162769663,1.5970102870190945,11
1.024908041893767,2.300648353386403,01
2.0155243484769354,2.2162344364863817,11
1.2951485780307774,0.7422564850590614,00
2.386489032476297,0.8900315431084227,10
0.7246998454665173,1.3320890005663923,00
2.845629030796926,0.8724137782603073,10
1.5714549595375538,1.1521574253531162,10
2.3753366782842806,1.2282389925601214,10
2.669506126839544,1.8970964684071272,11
3.1379126263709125,0.6908049428540153,10
0.7035460578332556,2.526757417180228,01
0.9012990988215945,1.3745610041118015,00
0.7867587454927156,2.218731312905138,01
0.8258346459525355,0.255859100756278,00
1.8298041211421139,1.4764398296225427,10
3.1212430598909755,0.0886542749760354,10
3.1110503634215507,2.1234338647757154,11
1.6549069137555823,1.079797052858776,10
2.007563189211479,2.982165667194309,11
2.7016771423965853,1.0182662514423806,10
2.93089689936565,1.7712484672630868,11
0.6404470491747017,0.8086069169274883,00
1.6604628127612577,1.9481412794992177,11
2.6164347725619677,1.4672568160938817,10
0.9525374165084026,1.164363023558853,00
1.3817008568389955,0.63990896268478,00
3.096420011733204,0.35035463493918434,10
3.0946154658611813,0.37661140655699143,10
2.8466185000675717,3.1385767796376642,11
2.5083994543827557,1.2953123504909563,10
0.845498403927709,0.006062356078457627,00
1.007980235593217,2.993714088024893,01
1.7193397533649837,0.06276878317966013,10
1.7617340802233892,1.3150270969367377,10
1.5880839436610898,2.254022313200752,11
2.0001586741440245,2.8732982670971023,11
1.2827846081953764,2.239598336007961,01
2.3536000288818024,1.456523265608899,10
1.0478779986298168,3.061299951021518,01
1.0388524243177957,0.12352548488100554,00
0.3996921472252618,3.1004132933784563,01
0.5928568926695468,2.668442258868467,01
2.671990144944071,2.9183197175032105,11
1.4020373163111879,0.8003911758820843,00
0.7158677642241497,0.4475452333328256,00
2.3855404213991247,2.0838664086911356,11
1.7403830350936484,1.620620220662154,11
0.06646357006668056,1.6435806220680957,01
0.9938788302479852,2.904776818491106,01
0.5560663328538318,1.9480416209731868,01
2.0604853617526118,0.9772358591620465,10
0.8640354967531583,1.2568461545893659,00
0.20403632444027722,0.4193895348093944,00
0.1725833584884324,0.6041723761122771,00
1.8275502056597395,0.4503475274618672,10
0.06824624885055125,2.5456053248170116,01
2.666559067053293,2.2144253086915686,11
0.48819444824767405,1.6661280111942016,01
1.9055843425648462,1.1761112358647021,10
1.3970286419378908,2.1001367514497016,01
1.3912590857332092,2.553817468384859,01
0.22555737498706063,2.7684757964535507,01
2.521920571919372,1.7185021639274152,11
2.805607125370929,2.5757450754963447,11
0.03460988132133442,1.6063150269780477,01
0.5611015662705258,1.4907802420999872,00
2.8396987590689178,2.7188343598049727,11
1.726285097167177,1.2138295197076394,10
0.47136323677228786,1.243796363937324,00
0.6370849961350825,0.9579072423432734,00
2.0734079363656366,1.6295495390146968,11
2.2770792039690755,1.7116968631469611,11
1.8831548581994997,2.0748998820888325,11
2.994403948114204,1.3524628947936617,10
1.5521465876699378,0.6843560358594112,00
0.9433320332663216,2.7232646551020574,01
1.4992714040312414,1.0869937826506433,00
1.129924985926894,2.899512267448933,01
0.70502331977559,0.6514197077332712,00
0.14439780646209993,1.7594724529317818,01
1.1065081822867364,1.685826035637527,01
2.234958380460033,2.6032739914604406,11
0.05792406606104564,0.4362144965571619,00
1.3797199907022524,2.858651937665762,01
2.0232152044376663,1.6695308416064274,11
1.9176410651030256,1.8413169347054132,11
2.4399130206099935,1.6027346791334007,11
2.5463227843065077,0.11317558266307146,10
2.235889778517442,1.561656371299697,10
0.3229484870143006,0.8279656841221016,00
1.4923270203743684,1.0765866699470492,00
1.8956557231753863,2.039212815439705,11
0.7714684634949192,1.5635616456685792,00
0.1336804777160056,0.2928536520968647,00
0.7024297094779736,0.2294659322003754,00
1.4290929106423822,0.5832608526339406,00
1.3004004494400132,0.5996833741507087,00
0.5550156906692961,1.91103318927435,01
2.5899778123997037,0.5586206139474836,10
2.9081304380293025,2.7700032626874487,11
0.6325543999486639,0.6589825503952406,00
2.9203394425220286,0.2862978794625428,10
0.05611185813081529,2.7512372514059935,01
2.9058553091023893,0.9277989434051451,10
2.9905724936588007,1.3365046085565144,10
0.03786204431290114,3.012870242612273,01
2.3970958173010817,2.9668234011823915,11
3.0479781328866844,2.2459776472419333,11
2.8459757555086256,0.2165781043091752,10
3.049575911178987,1.8640329790724928,11
1.7288922825974844,3.1072799745565196,11
0.24553475489687202,2.9748250667817318,01
2.669691500924265,0.3330166517628595,10
1.928398339015427,1.2439679704504651,10
1.9312524394336368,0.9912879228659892,10
1.3108408754158702,0.40755286761656256,00
1.7964945524529834,2.182773270345702,11
0.48248510571688075,0.8603200096717006,00
2.324056080806144,1.0834278735727796,10
0.23567382166769296,0.2838707832318006,00
2.2926738964759013,1.5644112243850994,10
2.667144375574492,0.4968989984832927,10
1.4843041264878807,1.357452100403825,00
1.6016793325818213,0.45032287190896847,10
0.9808500661578797,2.9966078068948105,01
3.0456439645918714,0.4554760611909815,10
2.3031784634431447,1.6395568485400354,11
1.1592117283070895,0.6188303721275319,00
0.5491736003828422,0.23989768080441673,00
0.6898296337403328,0.6355712707122332,00
1.4574548458799153,0.1720779333847324,00
2.961165961933407,0.4379297947425403,10
2.3063887665022924,1.5503262046918689,10
0.6762081780107485,2.047738852450278,01
2.700390942060126,0.27438612139540597,10
1.1881519846710316,1.3855008689539299,00
2.675764152234776,1.8260413769170292,11
0.7593216813931274,0.7358416636667724,00
1.9435796335245012,1.1689188041781053,10
2.911221197654623,0.2256758990266847,10
0.810197924543529,0.6915621844870763,00
2.1768930864615443,1.4663475631084828,10
3.1017340736538546,3.11156587311726,11
0.47311847284582526,3.129859002757754,01
0.27772398702574796,3.077572276717346,01
2.1180466636701913,1.3291650830349624,10
1.0673119576087196,0.25346488411635615,00
0.22382112670372695,1.016535933359304,00
1.4932166373530882,0.7468017353181486,00
2.368040429660837,0.04437994395718505,10
0.8957384385182444,0.2991852104567935,00
1.0525808089783306,1.4237444538162887,00
2.6568430242178187,1.0670811009877885,10
1.6338540988990864,0.5665979269344704,10
2.6231721562675383,2.36486815533102,11
1.874129748591722,1.551294031266642,10
0.907490637989218,2.89993770171288,01
0.1349363389530772,2.043195421897888,01
3.0588254948010962,0.9206547900872261,10
1.8738711235638104,0.33759537740923073,10
2.4826849517404774,3.005685024957937,11
2.859915512551272,0.4778401276166485,10
2.161900957089369,2.0042692350460425,11
0.5968758170395717,0.5724847330333183,00
3.083407155191419,1.1530591476612357,10
0.894537249318235,1.8397658093556855,01
1.976919967184779,2.021725735889571,11
1.8253799332040497,2.318068793486325,11
1.884679990070702,1.9591999133379399,11
1.6815315156520174,0.7004630777503035,10
3.128326035225919,2.022578039557734,11
1.576910132182023,0.9884052975432019,10
2.4222388617779926,0.019057326213022335,10
1.552455013423563,2.076836110608366,01
3.1342868584236707,0.7331906555404317,10
3.074431438816536,1.1861950665198955,10
1.2364304787550808,2.0229077709001895,01
1.0113580405929548,1.8211607457621812,01
2.708620399623499,0.7590080492469697,10
2.511153219122521,1.798199497747146,11
2.1721933962043822,2.860655376708577,11
1.2833966816298823,2.740346611346844,01
1.2244832774409384,1.2384656480346978,00
0.4135856324526578,0.27408864378520525,00
1.9650583123654688,2.847671456039478,11
0.2588715400157927,2.85037233283547,01
0.8625964841726478,0.289942980166276,00
2.0612524323036188,1.4664256040727925,10
0.046106108928442524,2.983954270816271,01
2.621760140685699,1.2633289112193689,10
0.22744841172371222,1.5786627477742405,01
1.6465741280753774,0.44606868729491955,10
1.717039084406094,0.008402285344266317,10
0.7139173883599318,2.580214048112865,01
3.003294141410834,2.6373744066703977,11
1.0711695288916125,0.15727572270282011,00
1.5855851879380938,1.8938257274265005,11
2.7249659818915273,0.20385485758616206,10
2.063878560847276,2.4477939446881725,11
1.208641090038115,3.011655298224181,01
0.30244868928740565,2.7190387250697223,01
3.002751925689124,1.148005012607594,10
1.852179776709608,0.16276290773102556,10
1.8289186661253058,0.3816797985277741,10
1.8759871997430961,2.857425265166845,11
0.4677012550294855,0.25085341524656607,00
1.759444657055584,0.4234992108377117,10
1.7692429446032945,1.974498624016677,11
1.8252282135916758,0.14431883226532224,10
0.5810344042506228,1.4862460399769868,00
2.2293335606280036,1.1764524679150825,10
0.2199763774451418,2.2866448824587833,01
1.0205933067123532,2.9987185991033223,01
0.3356963593093128,0.689316785874073,00
2.3500014488838303,0.22898953836291894,10
1.575741216763449,1.5742063582216497,11
1.4649501126600109,1.4184150428320237,00
0.23151455700186302,0.7427648414401842,00
1.3888867530131235,2.4292163568727165,01
0.7021807585280908,1.5967848884449705,01
0.9518263169384901,1.0223661821746233,00
1.2388808057152947,2.0898115902058585,01
2.2199456548969114,1.8853794665010306,11
2.470432660136786,0.7972042198196805,10
1.1210336554315063,1.9620846121457294,01
2.105275018321149,1.2957462548532674,10
1.6029132053642103,0.7011205638022977,10
2.108465020599621,2.0340114681682264,11
1.0377688086163714,1.389738304516721,00
2.8224682925024553,0.8291496318088173,10
2.0822225106242644,0.2937549982796099,10
0.6025491348939591,2.189685747584909,01
1.806913797309028,0.04303919418094172,10
2.354318585161468,0.21093314915800412,10
2.4502076819638137,0.07099630978436862,10
1.3751742636104602,0.6487675833950547,00
0.8743450859234518,2.1987237151748156,01
1.9352967342013911,2.0746277949163434,11
2.2930526853509177,2.2739531718285386,11
1.5935262098242062,0.07363018995826333,10
0.5799626433591825,0.7147457096333929,00
1.9298619820804148,1.6596441902467753,11
2.388716471067013,1.9299897192181228,11
2.8746026998116054,2.9520484344608535,11
3.124153143912906,2.7317558108077327,11
1.156983384911822,0.5397121317087819,00
2.5308516799547984,0.20362619634636758,10
2.166241550233515,0.8002121620220425,10
3.0565700409472627,1.5984789630737264,11
1.5983414143894963,0.8002875696158822,10
2.7037850391580385,3.0293415872820235,11
1.5835082446404536,1.8451576268288936,11
0.9055727174615705,1.4721897395463148,00
3.0171309632611796,2.2471640560283666,11
0.892445114152386,1.3533539575024367,00
0.9759616235985986,0.3752102042911742,00
0.18780918037766617,0.2037794623671033,00
0.0014334282811655102,2.4082267984324934,01
1.0730398171605862,0.6093742069452335,00
0.8504113272005257,1.560880414935534,00
2.2824736839450885,2.499839915570157,11
0.046023351231667314,1.7001734001509616,01
2.8009577094974603,0.16489649175545226,10
2.5651666673267033,2.073556343108284,11
2.857746936569549,0.8108947496374579,10
2.411090341142665,1.4533486988989717,10
2.065605722120607,0.907330087080743,10
2.3995307726262127,0.1831610584885615,10
2.7637920677310777,1.468750003374476,10
2.6824001828312256,1.8071772445550345,11
0.8497378980318984,0.6535801340996641,00
2.9918075405035007,1.9720842137827788,11
3.1184897689717324,0.9038212637365223,10
2.1792196258182237,2.0390086847413254,11
1.9261382810054597,0.04496800338143959,10
1.9271604218194502,0.41123379176374647,10
2.1546993998904056,3.0728417853717,11
2.847382706797043,0.3491277045452269,10
0.9717331656690726,1.0167513416569656,00
1.2586370523983639,3.0195370760950135,01
0.9922338875878529,2.9087220134394207,01
2.2680038849904363,0.33642491022358173,10
0.10700535684976471,2.6889568795568035,01
1.2678975766708238,2.9801410288892147,01
1.2708980604897453,1.2541238590279447,00
1.2359831974238942,2.3110875435264164,01
1.7861126895379353,1.643286894986242,11
0.7710410810633664,0.44773933152708895,00
2.801827182662157,0.10121948443320239,10
1.187980137928012,1.8623559760541877,01
3.008696634952231,1.2477585738341275,10
2.92294982201697,0.4768827220683712,10
1.0922905943818835,0.6679849984961985,00
1.158577704143104,3.075297706703657,01
1.9467088515416444,0.8578535405060216,10
1.2469200293665503,2.6286983156981076,01
0.3386318667457623,1.0278526357193651,00
0.8859709102235933,1.328282349306227,00
0.5841472221349185,2.70970735617323,01
1.3230488666954254,1.5091131472212223,00
2.7969624453165,0.826025636740582,10
1.470394857664696,0.6153307342427534,00
0.14466760278405535,2.359799412141593,01
2.4120126022667563,1.7727110751267028,11
2.7048531927642405,0.19613853254521874,10
2.7752880317857356,0.9923495898605529,10
1.3147208380236968,2.2111577800779414,01
0.9277503323111165,0.03544747079418957,00
3.0536940245667297,0.3031060015429132,10
1.193876104345308,3.0238069755517842,01
1.7536552689611438,2.0326315973736313,11
3.079612406094998,1.9640236036092562,11
2.6763456746447196,2.682193222263635,11
2.8004641055881883,1.0823425062736465,10
2.8892666115728507,2.5861925768980902,11
2.232786242710666,2.211657508998104,11
1.0267593170969844,0.766157614446833,00
0.5926150056508432,1.609521970238666,01
2.343055109626376,2.909678270946604,11
1.8003120698847368,1.1383627512153238,10
0.2631281068201129,2.959667407606294,01
2.718203179295465,0.4820548918127524,10
0.2894397985913384,0.7797467130510649,00
2.6538416726362017,0.6614060182357108,10
2.5121228705345264,2.8080387994924174,11
3.0755465245965823,0.9011213666290063,10
0.8666174753740463,0.30351915601373525,00
0.08294125817992824,0.6680869072318821,00
1.6244565989623962,0.9047336397053486,10
2.932285488929256,1.1860600677768485,10
2.9743825761758287,0.03653451063976723,10
1.1119273685156383,2.328765584811791,01
1.2306521725435409,1.0298571724936973,00
3.021376471664819,2.5201000791295343,11
2.5732754753790847,2.6225317271851942,11
2.9489644133452297,2.9934759940813254,11
2.5401963083038845,0.24830371071102314,10
1.6026362197478037,1.560617806117923,10
0.4340722749174175,3.013115179440809,01
1.6427320979351563,0.29658453232974846,10
0.28308184255264845,2.922516407554469,01
2.460785483045242,2.809987798753707,11
2.2261168906195277,1.3600585951223425,10
1.8268085289816556,0.6030700717138311,10
1.121686483515642,3.0182296789056466,01
2.2811628587694295,0.14988291721388322,10
1.3719533713315837,2.1405657246361613,01
1.400025692010447,0.29353736883391013,00
1.9249905412096449,1.8984408453810748,11
1.918369253671027,1.7032489726334963,11
0.684231495970931,2.461815244996982,01
2.3124492592860033,2.1991607351224736,11
0.5762898783670694,0.7834662013009007,00
2.4993385073439858,0.9386659333049642,10
0.9009578652888104,2.6272804084667527,01
1.562455122936846,0.3111522730773442,00
2.173875834703252,1.8284697928537486,11
1.4072214806259933,1.2824433873394043,00
1.5388274709712835,0.37804115860306553,00
0.2746172749833444,0.5197027863777711,00
2.432521684902175,0.5112663239151826,10
1.3977897995059478,1.4246454922093894,00
1.7346353686186544,1.112623208692794,10
0.6337148352165413,2.240863521778238,01
2.0785912737162504,1.8112392229164649,11
0.19264459125163172,1.9613392464216657,01
0.5612040219395995,1.1441800923226229,00
2.1600779651680115,0.9383693729339914,10
2.2018906144374455,1.140888133231729,10
1.6025816408664206,0.38551631044406814,10
0.7065604027783347,2.329004900769824,01
3.0261784675707033,2.3641949063697583,11
0.26056039205264403,2.9476139603050218,01
0.7661705221728004,0.7307978757889984,00
2.480092688936823,2.756303226077299,11
2.4364838570063214,2.1112789887215246,11
1.8520288357466408,2.2459282921796913,11
1.644423310533878,2.847982356176319,11
1.089656326437853,0.3894437698252241,00
0.500894333754637,2.047425782110316,01
2.0268257573922366,0.8918622666844496,10
1.2572977254735933,3.1372586833003644,01
2.4323767019851696,2.878424399568517,11
0.5010597346560952,0.33215997800669367,00
1.2797149183608205,2.5807898511662417,01
1.9598694695609864,0.4563683123317602,10
1.3782490101480178,0.8565908767517596,00
0.09032582052627736,0.826391020405266,00
1.6954468663576714,2.7422248462388588,11
0.28018639418628866,1.1647715992312704,00
0.053694713674709724,0.10499870717479659,00
0.6874000581293518,0.154763355144414,00
0.5735884068778695,1.5498222986439527,00
2.297059801911288,1.8626092937155765,11
2.197440653608813,2.2272315291996545,11
2.4842161425656664,0.35856913151552633,10
2.4969960221753382,2.4672819322651476,11
2.991442449576498,0.8869079433332259,10
1.4132523670033474,1.6275566445554843,01
2.729878224625905,2.769862929977766,11
2.02025134597832,2.625346499710804,11
2.0335918194381573,0.3025219727802485,10
0.5309959834854799,2.574523265296316,01
2.7483929179621045,1.5598968557393489,10
2.294617841675509,1.2821713228131884,10
1.91972533006077,2.7672170000400973,11
0.9055521009765939,1.9736541517463195,01
0.8094888561674406,0.7552509334655478,00
2.160850290179872,0.26028099902079366,10
2.5536872783812012,0.5652397935672792,10
2.5044996862863087,1.3130788533683604,10
0.055473877098816606,0.8316438834558572,00
2.8090524851462817,1.5063683158504964,10
1.6267591406830002,2.4021250501083564,11
0.682344919927626,1.588283207823177,01
2.284586783945248,1.0106129043973946,10
2.4230873213330066,1.8008756078137245,11
2.9144388408398867,0.39590098604736074,10
1.4398976262957852,1.214820499647637,00
1.9224893821618243,1.3724223040054022,10
3.0490601874943724,2.465990781135775,11
1.340972065116869,1.306502191962088,00
0.3888609836528674,2.402112344431907,01
2.3051641278831947,2.6660078225779245,11
2.5801882563371867,2.1443505762395776,11
1.7616668701019609,2.821952301678197,11
1.4583189541195596,2.6959870579605103,01
0.7289748749531141,0.45208688009957526,00
2.993129985531914,1.2812892545791832,10
2.799067435533231,2.3718831524177055,11
0.14316877396177483,2.2099608968953492,01
0.44312567679751774,2.6000532428237437,01
1.4115654623747718,3.112982617919657,01
1.8365025873117018,2.2549951482894137,11
1.9249293782899517,1.706781018299094,11
1.0153135021271147,2.4044370145636744,01
0.5679055682181122,3.096742493807364,01
0.21321329722377202,2.1490804094691285,01
2.733506848781992,0.15116272249868426,10
1.9386226463645808,2.7290626980229318,11
1.1268666100210567,0.9554277189531404,00
2.497840930480534,0.8644086725346607,10
2.5061997105623943,1.2580806082232714,10
1.5281804478832266,2.830809870008252,01
2.4501043392509225,2.1962224206562198,11
2.6181875830731767,3.0222247137470357,11
1.3024461627100865,2.3194292162705334,01
0.0652623812942423,1.3444984202707488,00
2.2262055598812656,0.9874615315860615,10
0.8502989738776372,3.0658144373680454,01
0.6536960196522742,0.893483789283396,00
0.6156190744367512,2.3349227266875636,01
1.8174550206213462,0.7133314171144357,10
0.0339588396174307,2.718975981089484,01
2.512224897133307,2.4784736333227455,11
1.393257199574001,0.7883901204977148,00
0.9505366098241793,1.2512579353406723,00
2.281894911863391,1.0343913065156325,10
3.0906219243231927,1.2310659580112753,10
1.115638871896816,1.0630829488588966,00
2.0003673610934736,2.4979668730814772,11
1.0175163993647405,1.4335509400471265,00
1.6059106416484457,2.3234484605508388,11
1.3985390855624267,0.4408000946569618,00
2.3749568168546875,0.5019309667922369,10
0.7842788152885871,1.3715666536950462,00
1.684615865782591,0.5969073889815846,10
0.030590313225017447,0.96408625643369,00
2.525770202343499,0.5645213945073744,10
1.12719795334367,1.141683634304669,00
1.3748550651587876,1.0632092811611447,00
0.8464015545401622,1.3050867066511844,00
0.538607160932117,0.7175554489778806,00
0.7091684839176734,0.38002076077763375,00
1.389817939672752,2.9301790972773896,01
2.7821131512351736,1.9140697713844483,11
2.0759604700394667,2.1661628537077977,11
1.202779876355945,0.6637128300612032,00
0.4667325445919946,0.8328706121045117,00
2.1896137112123055,1.5226039867643593,10
2.4279468428083484,0.7225496290862945,10
2.5947276118531515,2.577878461439645,11
0.405542341349324,0.8260861914428266,00
0.34476080975387324,1.0747016436723158,00
1.8694676816794975,0.0951649219372645,10
2.778063043049712,2.8263896400531356,11
2.2414619930890445,2.910848504120197,11
3.0662055289852685,0.7680136882660683,10
3.0197115497396463,2.145180362632145,11
2.454389954707474,1.8556263559249517,11
0.42169315358651593,1.6103094400177174,01
1.245661661493903,1.5548738159176803,00
2.17064419638048,0.15177905887168738,10
2.368982770493176,1.1670189360748993,10
2.1982132488074875,2.200268746473716,11
2.74386599210552,2.219457025235801,11
2.7238417444889866,0.3306883858813095,10
2.3379538128354884,1.4419156337552175,10
1.2474821412492205,1.1492678317783638,00
0.5326019739238792,2.043632393691159,01
1.3409798784399025,0.47717880711293903,00
0.6214151943692241,0.41742273860915774,00
1.5403601916955671,1.603567341798584,01
0.8080293266087238,0.2549056226611683,00
0.4683009759995977,0.4790760089847136,00
2.882443260230105,1.5318660352120088,10
1.6404942686062804,2.57574222963881,11
2.459868078290415,0.43426191105549394,10
2.668327590296639,2.6700919260873786,11
1.8487130760095418,1.112940966638567,10
1.6454575874218307,2.2280335785995193,11
2.4167701695669477,2.987461754750418,11
0.4912140766780016,0.8470266476106931,00
1.0872245676189298,2.09341961158728,01
2.637650262514666,0.9859208503128241,10
2.533595348175372,1.7292184232260897,11
0.27115488472185556,1.3219249264468471,00
2.868799741485516,3.04985358385311,11
0.8278955533947215,2.2030686227573493,01
1.78506533020911,2.147445387127592,11
0.681848100821932,1.409007690921517,00
0.2386318858314279,1.2391324133947497,00
2.737587899305642,1.5730996126193968,11
2.2526711461425575,1.8250212651762232,11
0.19269695393232414,0.9018303507711735,00
2.4064745865174544,2.896046834862287,11
2.2774662123977296,1.3528187843869917,10
2.860142150569561,0.1598642671822001,10
3.003247528254388,1.3472729568621664,10
2.9025799298741854,0.7491388699247835,10
1.0774548713503245,1.7649156994839639,01
1.7500801249319047,2.3387914001577497,11
2.719107029155102,0.3123411321075047,10
0.803907730313506,2.8670519023697856,01
2.4204812118758423,0.9310081724585039,10
1.484832751758909,0.7771901451513628,00
0.9841671898732253,1.835140226046781,01
0.14197814311903822,2.0447488546104364,01
1.8409145309824584,2.5338878360919024,11
3.1015358383265275,1.9708087217696402,11
0.3669203435806679,1.2952980400358352,00
2.0468866353304302,0.7421515229003733,10
2.293182150814608,1.8955919777164478,11
1.9870730502801341,0.28744099164874565,10
2.604517754823229,0.030544959915628365,10
1.7021997195694538,2.7524852351027085,11
1.1649414240761415,0.15206539207540593,00
0.7396362135839918,0.4011169044632964,00
2.16415881282285,0.8049389634501105,10
1.1628286609017802,1.1685177867139536,00
2.61992708039176,0.669476808670207,10
1.8248542614423526,2.836746737884575,11
0.7167223144885275,0.25108439401913846,00
1.5665478937669073,0.654245252570924,00
0.17850083377458417,1.2828123581636133,00
0.2449883841380149,2.012849318282439,01
1.4969936188752535,2.3933683588142665,01
1.8495652473861641,2.0288464111891997,11
3.073971329568182,2.4141379797767484,11
0.06788001261782572,0.15993085635650534,00
0.9864213800217139,2.4965492449192914,01
0.7358319201042028,0.8023327943748634,00
1.1593025055308532,1.0079770346353232,00
0.44386972600538815,2.3836622001897307,01
0.3737678930539042,1.1041716972256632,00
0.7261530911778581,1.175950442969739,00
0.49347528202330754,1.025995320389012,00
1.896363253538602,0.5073221821830536,10
1.4141373243077235,0.2351467365624907,00
2.878175898882972,2.8883414885042287,11
2.7750552511666644,1.6338756920725765,11
2.3642538179949786,0.5795137188674526,10
2.3415715351267563,0.09433896801727681,10
1.4291730497601336,0.9587766328648557,00
1.7586534511302516,0.027743164529446394,10
1.8934467878173304,2.386427918590891,11
2.93117401642725,1.1037542692216975,10
0.8113917221883737,2.2179850023269405,01
1.8816668843623159,0.33732954692799305,10
3.0109056692862333,1.8370299636540905,11
2.13665148023949,1.7315811506990073,11
1.9065056980986026,0.12167751797077278,10
0.8837990077671893,2.837455731051175,01
1.3340524112487975,1.4976892765978143,00
1.5964196100937635,2.60354006575579,11
0.36704389042509267,0.7504595185095801,00
0.9962963074006627,2.7343544847917993,01
1.5089882622741642,1.2745410424864068,00
2.0572800215327582,2.7832904216991365,11
2.997559633119628,2.8349125504816985,11
0.06225597667235911,1.5503836012575882,00
1.4112455769727772,2.265821191521031,01
0.22040883222490237,1.8590930936681074,01
2.0531250822058236,0.1614489995602504,10
0.5061839141843362,2.0393557910436266,01
0.9277080922434038,1.939799451525394,01
1.7147915171853465,0.7652528772755309,10
2.427832237352105,1.0975245576189439,10
1.2757010702473173,1.434797007447518,00
0.7550535979863008,2.508088667468153,01
0.9110435416616073,1.6511587227956694,01
1.3727203214712835,3.066719385120864,01
2.2816260489011766,0.05323275554061706,10
2.7714838818860015,1.458721359601459,10
3.085489327231304,1.230514754379447,10
2.878964939115571,1.35067119428165,10
3.013288978107185,0.2259616428620196,10
1.4860056294497017,0.5932722698381327,00
1.22205038977579,0.7968487446125854,00
1.5033650453398977,2.9474135692906716,01
1.221071313664154,0.9155470358978545,00
1.7546258248214432,1.9959687818080283,11
1.859242066870299,0.8872634724657623,10
0.23562832382669274,2.650240066169897,01
3.1308957173694587,0.6940118246743767,10
2.363608045747514,0.8315762557707959,10
0.7691700705409383,1.7663047666466867,01
2.2326989968136703,1.5595693968031439,10
3.069908690047793,1.3915229903760236,10
1.5064279457759975,2.5291697481157804,01
0.6454507730194525,0.4796917980800142,00
1.7583195694932618,2.7406536593493067,11
1.2078664346340553,0.43568040197551167,00
2.118170979181443,2.706902861818776,11
0.42765420068964005,1.3596566313431975,00
2.4365521846814886,0.22173330120482077,10
0.6229369609994725,1.5480985351716636,00
2.260745560161244,1.7282146247603611,11
0.16402225811090743,0.4291939981363199,00
2.6486058987231003,0.550790331966275,10
0.4135196281065795,0.4751082867293034,00
2.2107388756910913,0.3876068566475756,10
1.465426088312774,1.8076304956932348,01
0.8622515762198416,1.8184062997848933,01
1.825741930457131,2.539387663290398,11
2.9379991853780774,0.9199324229220079,10
1.5925228358291468,0.2243734074761444,10
2.826334053550835,0.6855897183213884,10
2.676584858570391,0.5095934783719427,10
1.0964566560718954,1.5078506840629229,00
2.4758628351512244,0.30295261354504727,10
2.2963512135081263,2.111068148554608,11
1.4807504459382825,2.7403407105616266,01
2.50287794093932,2.345546958024997,11
2.331332036452977,1.1456055247494399,10
0.2525583733127092,0.04099116772356351,00
2.673077821150362,1.2319166344885382,10
1.3380761369690042,2.205435571865868,01
2.794127998397134,0.558186010073076,10
2.807897655202319,0.4621909680764535,10
1.3166957623497362,0.25062298396830535,00
0.6116544373486467,2.945704604889882,01
0.8261162884744941,1.8398920922773399,01
2.5021036968766555,0.5888461147760103,10
1.157910477686703,0.13140057236393485,00
2.769524347451251,0.5477774272997542,10
1.1100375270112113,1.9315302067660785,01
0.5036413323408193,2.6042006093586383,01
2.587325464414565,1.8033808265227171,11
1.4797959704455788,1.7660204476142545,01
2.265906297435907,1.9958352393533274,11
2.373007291803105,1.3244752106801496,10
0.45611814581116106,0.9340895515301236,00
2.261119123889105,1.851116039639355,11
0.14851399835902798,0.3802860379389509,00
1.8880963916516784,1.2864885710058107,10
2.8441326631158756,0.11693518146166199,10
0.6597523501344074,2.1683924637583853,01
2.057748885926007,0.13423146819615392,10
2.823194390832435,2.4843335810119447,11
2.6605695329890375,0.5309625744008413,10
0.3900257338988177,2.3212045321852144,01
1.7623199869329431,1.2480402589419082,10
0.40720013914902004,0.8089089845452593,00
1.0593059079746001,1.2198429735410348,00
1.6628686698643032,3.015897133190804,11
2.6282533589743884,1.4777612791810515,10
2.940529779341311,1.5614443972519965,10
1.4216618197312136,1.4773631747812597,00
1.0125088210632602,2.7381052951973737,01
0.7570406927760633,2.0237254053790843,01
0.47868331962481164,3.0383179818703514,01
2.015688468516265,0.37096368436063576,10
0.48963422812757035,1.0160151582579178,00
1.7819201696863298,1.5288764450338166,10
1.135066263293931,0.4225320764734347,00
0.1830747492436286,2.1606497855763225,01
0.8106221620024553,0.037669609419207245,00
1.1720918442406199,2.125969731463331,01
0.40932531548822454,1.3466658204831086,00
0.8655415079523439,2.209573673636606,01
1.6706144391675013,0.3362961489973822,10
1.807331366184638,1.597547373292607,11
0.2587676386294353,3.108708748313268,01
0.43370953184637157,2.4309029850606416,01
1.504712620862123,0.9044481459910969,00
0.3652562337716674,1.123468731381048,00
1.4261647318170854,1.9183045436272983,01
2.5050763758630166,1.7608546117511041,11
1.770683476971346,0.7587872357886971,10
0.9335779480369888,0.2964434734690832,00
1.8150661408273545,2.3468978045407183,11
0.19835235683730812,1.514646479031846,00
1.4266812413930063,0.6542918283276667,00
2.306467470920317,2.8120873441866223,11
0.6895201609827446,2.2303962979631,01
2.8082801224056806,0.2796378900640511,10
2.05131236992146,3.1397132939764663,11
0.1096528118103018,0.23655987497804495,00
2.5184073441409818,2.5728493155933365,11
0.9788941694310455,2.663832196837276,01
2.157500852333775,1.483915619120918,10
2.8973678231071673,1.0815442734565033,10
1.9242969349323606,1.59499792043752,11
0.7077051743381914,0.6550523655561593,00
1.6323917557710008,0.4978602165614159,10
3.072650533261597,1.5600977078375087,10
1.4471050775977206,0.8856305457041099,00
0.18958825648772626,2.716435330912249,01
2.6925872357604352,2.6546425999544834,11
2.89741799839678,2.8028170136714534,11
0.48908692632976813,1.600622128044542,01
0.37049658305745103,1.205798768495174,00
1.798522637415137,1.09706333571538,10
2.0575535990009373,1.178194559212173,10
2.519865848223991,1.6527408691763652,11
1.8540126200352738,1.6355067948661735,11
0.16033335061175552,0.0995669554660289,00
1.5718278839269544,2.4543379962067244,11
2.480285158644337,1.9783157597226615,11
2.6957592509610655,0.33438216753960265,10
2.5775292242915553,2.010498642627841,11
1.0543937141564315,2.6908607531833897,01
1.9411492369589245,2.056350574241385,11
2.6023485278503062,1.3796861230583657,10
2.78826617204707,0.7487737762071474,10
1.0573530912907712,1.2916582769450158,00
0.14946764402930493,2.4415249274566495,01
1.9644058518388898,1.9432408311666043,11
1.0448528691157561,2.0267395152711227,01
0.6496298521446333,3.0732134027427267,01
0.883044646424979,2.14878754596204,01
1.4288319564139724,2.8537449692247145,01
0.2513448855398606,0.6938866272834832,00
0.6229150608827287,0.37650357131168233,00
0.373502678526537,0.8434732735872896,00
1.9306783496474278,0.3163720534059022,10
0.03720026773930342,0.41822635375662714,00
0.8048428162538961,2.855292495706041,01
0.4244891001336375,0.07621205499280768,00
0.24798642291329331,0.2521461307756426,00
2.579917093519732,2.0458307441899626,11
0.3108418035316849,2.855250432805677,01
2.7221634660522747,2.339574293973978,11
0.8516897024753597,2.346555094395438,01
1.3923457209483932,2.3064532335421477,01
1.1544363759414185,0.382832821602554,00
2.7372548732554884,0.9744022583120681,10
2.7061084106222246,0.07064710012382089,10
1.370531784386003,3.0985857370632393,01
0.5749438716817539,1.1268083674838354,00
1.923459462155592,2.166288983970052,11
2.2294609804762566,3.0562292160005895,11
1.1823678713282602,0.6327082064105011,00
0.7475080559930286,1.7169866969157623,01
2.976139608789268,0.7819152743442621,10
1.7095550090951566,1.8282422859268956,11
0.9096610017777559,0.682448047856559,00
0.9925718807110971,2.4234610339793927,01
2.2872179238839356,0.29214232359550923,10
2.0196744416146073,0.6446889114125899,10
2.3720747149012076,0.12172257263927116,10
0.8553422115010096,0.42910144461081645,00
1.1222820229523776,1.704526362324025,01
0.8151293228642235,2.5815330557345435,01
1.3597725713847537,1.8533538522043498,01
2.0978385645046767,3.004982631854588,11
2.012128724528207,2.221152638826759,11
0.9105799125544621,1.8632646950244074,01
1.8353999233728453,1.495842809739541,10
2.5837783099813754,0.7039871141989599,10
2.5174599127365616,2.1157943006797812,11
0.6860179540226381,3.0181287785673283,01
0.08475415597778735,2.286117315348554,01
0.44458445792584783,1.9614922230420753,01
1.8633743554615458,0.08831834515819266,10
0.13991999339761937,2.620608524170896,01
0.2044051831353258,1.7404903977791417,01
2.6307505742917687,2.348906461351145,11
1.2019623779811819,0.7752871078625126,00
1.4117926637752856,1.4712689636913239,00
0.1227338508829098,2.945725353012236,01
0.5689247100874142,2.909014921820698,01
0.15800679475549953,1.429200534732286,00
2.5871761036631784,0.8732749294888899,10
0.7155619865162697,2.48216962345161,01
2.627578528743179,2.6997148747689703,11
1.645788763312838,0.08834275573534693,10
2.5607421138776933,0.7158166814729799,10
0.7814582848133741,0.19642056416650228,00
1.1587858849934094,2.661740048510693,01
1.8696396330428589,1.441092492837459,10
0.8592938206570065,0.39466451094008687,00
0.8448726597376949,1.9021971340644588,01
2.8733031798263116,2.007750625319129,11
0.09805355091707749,2.4246346837541264,01
1.5277840425268463,1.9912071769249409,01
2.325413455896265,2.2890087392923024,11
1.029244061694119,0.36203785484848633,00
2.895415554425535,1.3908314422863632,10
1.3706061566050456,0.22041628549176676,00
2.684394272048515,1.2362860614175415,10
2.9056931088991216,0.4940132517156741,10
2.203773276019152,0.9577527778680389,10
3.021365632952056,1.8979997339218426,11
1.5849429377984794,2.916400103536077,11
2.554608934506879,2.628106618298015,11
1.090229017894478,1.303270442738794,00
0.740519744168433,1.6417003562903631,01
0.6584254196088328,2.148637929567421,01
1.0789180732599426,0.5013674013010156,00
1.2717984245992493,1.339689982826138,00
2.958871412272803,1.1613188630805231,10
1.5759090926941113,0.8141306853368232,10
2.6869098389246906,2.690642064074292,11
2.420563518790843,2.169612453953492,11
0.7050235021197883,2.2051913603415594,01
1.562344816729402,1.8858253178668736,01
2.142035285614164,2.481898362077703,11
0.6213119360797296,0.5802833501075703,00
1.5406454488102184,3.0809970789830268,01
0.5378494451447526,0.5712358664916607,00
2.56756246158678,1.5079927869499923,10
1.4594123512623434,0.8073552267973597,00
0.8014700301755767,3.0491560189307796,01
0.11466119587810762,0.09147121130171244,00
1.8474399879849817,1.9051939059087093,11
2.8684641863309395,0.27813894222205215,10
2.5485413192209028,2.8137423996014546,11
2.6806330094813435,0.3839993899706122,10
1.5446313649603853,0.31661366446516165,00
0.8235690834603229,2.3198063821856123,01
2.5468784164363116,1.7584162432199395,11
2.8466551176716797,0.05439902232303234,10
0.4912330291535528,0.4084055578796281,00
2.3872227125403556,0.425704144956267,10
2.7404771798928147,2.7768411881361224,11
1.6902283839479812,0.050373850960781626,10
1.7817755955369334,0.08897885564011354,10
1.2367795960867458,2.0003663058111423,01
3.0338705970027724,0.047239979453013,10
1.9618795857394025,2.9672100791788316,11
1.914422369058043,1.126787658569637,10
1.7398371256522795,1.947469160360746,11
1.4879144004599802,1.4659738171154575,00
0.0440556782457987,0.48590229541634505,00
0.5729000206653346,2.5493623303590462,01
1.0426737578558165,2.7072709685778604,01
1.3117739490379903,0.7423641901526918,00
1.964863135141161,1.469578416524329,10
1.874844879216854,0.18432592245590923,10
2.7039976893452193,0.18770049704733818,10
0.47708135485212944,1.325975096765686,00
1.5714262588603467,0.5802124695936189,10
1.7976980639184423,0.7331343193181417,10
2.2338043735238324,0.6066434649725115,10
0.7257223557981013,1.0006354381450855,00
1.6134084591679065,3.1115372878414167,11
0.49053812922012713,3.0809477980793702,01
1.8847301336025724,1.6938005633602176,11
1.9684725241901173,2.8829773512606023,11
2.930163983744869,2.4322889259508553,11
2.044767483995675,1.3735380339588392,10
0.389399931610809,0.400905462578367,00
1.605904661935856,1.1988919272604255,10
2.179446060588089,0.17592168171190864,10
2.1839916762487,2.690314010929101,11
2.9882880843562907,0.020453844079008847,10
1.417547025054013,2.470041710672604,01
1.6046909912255085,0.7687750487410897,10
2.322574358308521,2.5091681390940193,11
0.6673735693411328,1.4372628991454408,00
1.6711762525092069,1.0244884969109123,10
1.704856807745591,2.561714715099511,11
3.0250242649877905,1.2320931810058164,10
1.1383163762224915,0.48662952620405836,00
0.28337327932744766,0.5875467291816613,00
0.6261491870236604,0.7240203022756829,00
2.3041431972998963,0.15428942224216383,10
0.5633868089211305,1.4796655137653842,00
0.8489109836965205,2.396930760224565,01
3.1345656159112916,1.1446732032290954,10
1.57458197596614,1.8302174840247927,11
0.7680044070170343,0.8620341645144906,00
1.0643938540355604,2.107497113288137,01
0.1577713462975399,1.5910128560218153,01
2.657589434533826,1.6500683017955171,11
0.6786976084882093,0.0630627574694682,00
0.4630194479512716,1.7649937468328996,01
2.142329105706796,1.419345406046508,10
1.8107386441766775,1.8489943649511562,11
0.613349824609812,1.8008635399633899,01
1.332381016515425,2.123146368074808,01
2.7053480831543064,1.5783989127577898,11
1.6911146290534051,2.6195285794191427,11
1.0764533643979897,1.2420073053546932,00
1.6476773952043104,2.3856916057891935,11
1.0113738924709854,2.154823168344301,01
0.1601139361204888,1.3627429305523358,00
0.38312443522948053,1.5401351936935348,00
2.3653292063098155,2.796293457065804,11
1.2511182475595477,2.591227292314098,01
2.036694269533208,3.039492313940703,11
2.7375479136621497,0.9059053139358838,10
1.7285080192480375,0.38941866371470113,10
0.25582839236645416,3.034240605223948,01
2.484127626819208,1.3170491017842931,10
1.8761084087851299,2.474629871977939,11
2.2346089265772457,2.1049169503787764,11
0.06406137418963875,1.8662214522708074,01
3.079493581258672,1.5462382838730009,10
2.457020491463504,0.1958486377122742,10
0.6813992993402979,0.9620925469719224,00
1.7432095848652054,1.6742539102827634,11
0.8969802920418036,2.6223066698078874,01
1.0991218885476373,2.6827269319501577,01
2.771907862168345,1.772813976740698,11
1.1536178856507975,1.72845309109757,01
2.8263850119727065,1.7056864577715607,11
1.6220784287754646,2.386895077637201,11
1.7316612180520785,1.9674254413623962,11
0.5269520028353185,0.13394961321528479,00
3.1049959872796613,0.28618291987472533,10
2.599003167622302,2.5064603629143316,11
2.648067258065412,2.520621567511265,11
2.0211188869102936,2.702566718525254,11
1.0901107402662176,1.6150424461225859,01
0.6139269136082927,1.5376195884158985,00
0.8642967950258188,1.6457421578798581,01
2.9420972964504957,0.9522982484106135,10
2.5219775402917697,2.938554796123457,11
1.42090734571209,2.3787782795744232,01
2.382118118323202,1.2523452666396067,10
0.7043960103262871,2.7906344801808105,01
2.5391297229835734,0.29081489304725683,10
1.8261494088236292,0.08053643944417932,10
2.767294655158533,2.2240145551046555,11
1.8064826979694981,0.8548996271706216,10
2.5783302713719993,1.176431398442994,10
1.4481605965476552,0.3395516025071823,00
3.018761161164995,0.37033139134902476,10
1.9833427503894538,2.1833358072635014,11
1.5862384769219733,1.5234543298852832,10
0.19834687765702014,1.3042545210936907,00
2.977925343897519,0.9458569223129365,10
0.2802943482822459,1.8997003615923453,01
1.3002908591410058,0.2914204051267361,00
1.9918908142598848,2.0783955600805344,11
1.1181064952304611,2.1518562341763547,01
0.5127599627256637,2.668936834097058,01
2.1279136283984994,0.48344739283665605,10
1.8839204096426656,2.4841099992502893,11
2.2786475474906838,1.2019098073112653,10
2.56300908999569,2.0528766944890964,11
0.8598577738544158,2.6547923813652536,01
1.9652333503762485,2.698388614868834,11
2.9318854533233725,0.3159178113791148,10
1.4147373654275612,2.536243140972288,01
2.474946715555821,0.7070224738092522,10
1.3929839831426523,1.2632808026641322,00
1.8937512097222406,2.846475898427339,11
1.2199251004632279,1.4122670717582644,00
2.088441448329946,2.306857148831611,11
2.269942360062344,2.4604198900269747,11
1.3516182149583955,1.0523878102289426,00
2.886173236356252,2.346472895233547,11
1.5579398781625884,2.615972288623298,01
0.6072610680179593,1.9263871953503815,01
1.5976992365962726,2.5797935726161896,11
1.0289871438791716,1.502227283894819,00
2.981818487167438,2.162760988860987,11
2.273265789195218,1.1209380433757201,10
0.8457862440357357,0.014601320672460245,00
0.737996900997584,2.136514117115446,01
0.9925466659146568,0.7174431609836772,00
1.8033834946867977,2.5581022148794457,11
2.1962934268259127,0.4636140891971038,10
2.6083135285778885,1.5500830436059523,10
3.1185606597132676,1.6195304830941493,11
0.3558664938085524,2.647580854720104,01
0.2018778096832392,3.072299845593519,01
2.3318988417490685,2.5342146405564985,11
0.26856661485869365,1.4880239032988205,00
0.6869041348404594,2.6358071428496888,01
2.859782107274804,1.4778857261516456,10
1.7718503108599237,0.5465426095991506,10
0.09591561988987515,2.3501385374089914,01
0.08654432049807942,2.3565123247833037,01
2.5294804654811975,0.8648049271381754,10
1.6184941806629711,1.6282277709211574,11
2.5436712224064104,0.781329992450871,10
0.5749729432457429,0.7590584685505359,00
2.8932800443254885,0.8217333659975804,10
0.5635727491854242,0.6834207016983254,00
2.9521563497248073,1.9263308216620705,11
2.286453304996061,2.0405239055102116,11
2.344361898523474,1.8977862466992317,11
2.298737958574059,1.720605535375306,11
1.8067399159839277,0.9824963741262351,10
1.030991603642839,2.189853495552237,01
1.2348539534125123,2.7046067814332533,01
2.605969528395185,1.742155702400011,11
1.6273991429823367,2.248520825440561,11
1.5321619550093541,2.6453008813340593,01
0.8378376426664811,0.2533610432475506,00
0.8983574320746637,1.312879397109582,00
3.0015916849238713,0.8966586376864452,10
2.3360616863177137,2.2347851289303535,11
1.1289361795885855,1.912668164270886,01
2.6832239889896288,1.6388235131486377,11
3.096860127050223,1.2677018272373473,10
3.1091077683761466,2.6307681275535555,11
2.6479317191367198,2.9726260152810924,11
2.4559897717264123,0.9628556730846946,10
1.4638809660208856,3.0381054418980113,01
2.3063040222695914,0.8728274567270746,10
2.6001720921219413,2.49718381408439,11
0.8966690202994779,3.010167165052415,01
0.9691795832570267,1.9590002978997603,01
2.40989219707003,3.0549760460476905,11
2.810632986641181,1.0794306880194182,10
2.2208148182120655,1.0199751928979162,10
1.1474173652864996,0.5330303433024961,00
2.756564807649558,1.212506906290954,10
1.192027219259157,2.618849508946406,01
0.29496801171778875,0.09302532254147716,00
3.1197866874043823,0.46681784895280404,10
2.2485494457749042,0.3262731509317713,10
0.7152355905236681,1.2389494883381085,00
1.4448277753070982,0.2827001181441452,00
1.1514445925575585,2.928629596399149,01
1.587600765169508,1.7557351858694972,11
2.9815671328124487,2.44319501951994,11
0.07415664586345144,1.6936153086984858,01
0.4440512751141387,0.125967667006156,00
2.865547961920365,2.036720052041009,11
3.0847383376380004,0.44165181432435613,10
2.686707890871674,2.0227539551201352,11
0.9352235772889814,0.3222519879743037,00
0.6086257258514458,2.19249642203322,01
0.49004422194947345,2.3935251273205145,01
2.4884128636249554,1.6244709499662942,11
2.232752373080043,1.3493775176071512,10
1.5730557074766554,2.793088236157905,11
0.42870408481154637,2.0212677641108785,01
1.2163473302205352,2.8784228415988284,01
1.6843158258543034,0.4338155060398272,10
1.1323807696890151,2.440382231859137,01
0.46926974906848024,2.6411282367906743,01
2.2494256372857695,0.1666535826986663,10
0.7772755466946331,0.3734903172679398,00
2.8023845778964858,0.8172801298388439,10
3.133731293564558,0.5727051915969964,10
3.083916561972019,0.9422096686806818,10
0.4344406295196121,2.8558709121941845,01
0.38505268172945195,0.9901490269354453,00
0.6850045222561214,0.6076389542398902,00
1.0883882613726807,0.4782869361199874,00
0.10414431797541909,0.8633528939854125,00
1.0402016522550577,2.1229476706750474,01
0.5761644306993497,2.595578041827095,01
2.085269095803818,0.533737553944994,10
2.035733955927554,1.2590206156977943,10
0.03832239654058267,0.9262892445541617,00
0.02166194041778406,2.481938269367963,01
0.33830259786794004,0.5551679334291165,00
2.6977837622149456,0.06714027718868062,10
1.8817538259505966,0.9530807196125449,10
0.28292922009063326,0.8191628704207693,00
2.270682157023263,1.0033830757398214,10
2.4997379138900997,2.611282724844248,11
2.1991982808276997,1.726170767454838,11
0.4731644655862176,0.24287093532487675,00
0.8125702037463416,3.0607362286127255,01
1.738839285036734,2.397355705172086,11
2.5100555277646213,2.960785547659811,11
1.7424524074234171,1.476486262926536,10
0.6412767921420243,3.1061569075406084,01
0.9069340659995755,0.6245284802635062,00
2.6309283134116614,0.12735678095568617,10
0.7867931473750696,0.269073152048546,00
1.9332361649695335,2.610992133778323,11
2.4375392162901375,1.0432699738830777,10
0.5411279054679385,0.5831751050160181,00
1.569651692790255,0.6230861362379395,00
1.4874119907853525,2.5059451578767535,01
1.9166303920126622,0.36999004971623567,10
0.20723693184956324,2.419970545031597,01
1.4652262700333856,2.6252468226497547,01
1.259838812769558,0.4584503737440647,00
0.5126572279381848,0.4499575282825984,00
2.09901393225502,2.836966560319247,11
0.9027071421582609,0.601059790006222,00
0.17110446826240577,1.8612532768173158,01
2.6067694772738808,1.1533331833651046,10
1.0320444343077977,0.5889665390019196,00
1.3361029013070993,0.40186157759155605,00
1.3275296743398275,0.7717806721896171,00
2.2182220192972535,1.4219119926168962,10
3.1065776150205275,1.7542306366635332,11
1.094361769893422,0.6485393979553149,00
2.5638906299404804,1.8202496881092771,11
1.1502323208915561,0.2109637765467262,00
0.887825577773681,1.5295387220251133,00
1.7185189347878769,0.37899485514376396,10
2.424386440344209,0.36891925800568803,10
0.99860847166981,1.0384289229401957,00
0.13195438408524732,1.7187214562232154,01
1.051190915618124,2.5306024114483803,01
2.8939369843160496,2.2550380881010716,11
2.97653451556428,1.3481150150050791,10
1.2476902769898683,2.90855671658855,01
0.5869758931596408,2.8774167011256386,01
2.4117130440081462,1.2211984919587133,10
0.9454886591948135,0.9205678599532114,00
0.7500228349115915,2.8295549176195656,01
2.418640124580211,0.9470113887811564,10
2.0334530584909523,2.191576786153853,11
1.471070829130846,1.396392523379644,00
2.4149566327203495,1.9675830201722861,11
1.3173983755376868,1.1434078994573302,00
2.6532364264205976,2.6988997691712093,11
1.686117680637239,2.522439655468348,11
2.037722239979325,1.2886111809567582,10
1.004497281077436,2.9600926836329005,01
1.753225151757064,0.8356918300089051,10
1.078341273427935,2.8425325106460826,01
2.9784031756584857,2.180527089072747,11
1.7212397399963038,2.5157388730958097,11
1.926239538591403,2.81945919857486,11
0.09759574269302261,1.5241591038810889,00
2.4494508150103256,1.6085520507935154,11
3.0582332151568408,0.7818932985296664,10
2.37491787860083,0.37130911890591267,10
1.6192334816895788,0.09963628712955064,10
2.040383942295772,0.015180357926933374,10
0.42183494526381127,1.8377727118552987,01
0.7368017143573873,2.8698928913545068,01
1.7355781901585219,1.4544868621009526,10
0.0411457552592818,2.0809751393278546,01
0.9747570477032947,0.6360937098031716,00
2.607277773005958,2.8188464527973633,11
0.0903953382885752,0.5136706219401144,00
0.5048197360293469,0.540252890215995,00
1.6772213620938472,0.9555028343566198,10
3.1095276020870473,1.2648148155509833,10
1.3307623407263638,0.8065905097796903,00
0.8728134352345497,0.528734389572394,00
1.779717921693118,1.6128065056193905,11
2.571695023054709,1.1645171499290763,10
1.7620905390772512,0.9980007917575067,10
2.6459914201117694,1.732916898232698,11
2.101382509394597,1.6168317067110833,11
1.980753462377541,2.8392357230985747,11
1.6059954118002662,1.7136567616045906,11
0.8862640081764828,1.1752049071234494,00
1.5385487275057135,0.9402525153352218,00
1.873664035185309,2.290510807319493,11
0.7412480978871973,1.0201607537017843,00
1.2760610774541143,2.3145965544619864,01
1.0968435210374308,2.9978047900055667,01
1.0495452379740302,1.7071825142058354,01
1.2980807005473152,1.9431109581819255,01
0.19169149185121465,1.688150062804572,01
1.9914542415731413,3.106029587977993,11
1.6111724565562446,2.501812880955318,11
1.607761852093995,1.3830153866810466,10
2.894946342858857,1.9962608188020152,11
2.28873459675674,2.1419348016493975,11
1.8530811721861578,0.36407861893837695,10
1.5447886369534114,2.4129245947558426,01
2.709997185343755,2.5814033225828186,11
2.472350161841432,0.9180704126328323,10
0.2869826618960065,1.8366762353899277,01
1.1688725483463343,3.083542469042884,01
1.978668374615012,1.8187583190472187,11
2.3085132273840325,2.4575717022799974,11
1.4017478505821925,2.703657531852743,01
0.47286946596334556,1.3898414460779493,00
2.5020229314243156,2.7260297502500235,11
0.7885231555587245,1.0860185566757132,00
2.1553466185461287,1.1781168483567284,10
0.13377454701628186,1.355124642616627,00
2.8427522540851493,1.6507068201511021,11
0.9092274799016373,1.1703198687527123,00
2.3456054481761557,2.4896589127380797,11
2.1948803995680253,2.663926219384251,11
1.0609805193127433,0.9080022216943184,00
3.010296107606782,0.3638116308316215,10
1.430580102131989,2.07718252401386,01
1.721539888031586,1.5745062504430998,11
0.053331830038320656,2.940814236100695,01
0.06003603642795439,0.7097786795032988,00
2.22208683494175,0.6914746022822539,10
0.8515476058327651,1.1180878348930066,00
2.822213878044646,1.3836933605741442,10
3.0270314991254654,1.4333727476040883,10
0.5690765130471145,1.197174004066252,00
2.7188915684333645,0.0828729920923029,10
1.9770226445678938,0.32671071578804456,10
2.464455792955834,3.10422917421207,11
1.1563013535890392,2.511967878616775,01
0.1297675207868326,2.66994824333064,01
2.954920866662439,0.9240166426158422,10
2.5114342727301953,1.992878445604888,11
2.119910889561673,1.525567649617314,10
0.5362192894464332,1.558570592442498,00
0.5763442542027662,1.0992184339124746,00
2.601676873455172,0.8624730053646106,10
2.1732784327303816,3.033666305807638,11
0.3370467075260104,0.7250565127690587,00
1.517048678089613,2.9708245627225773,01
1.2646186438177283,0.236302781865842,00
1.6881301083247082,2.046125793275023,11
0.5634814880291769,2.2058567396513236,01
0.8431832121334175,1.6538272378231935,01
1.2307303360073056,0.17762756495774956,00
0.5266980963556626,2.2908395420974963,01
1.2309325898639327,2.595047666463243,01
1.013492307378744,0.46119990604446803,00
3.111520086931378,0.8427488014301167,10
0.45466657819365136,1.9716935551277264,01
2.882104767633923,3.047267152292313,11
1.7879978290598353,1.7676731424703152,11
1.8921472348837518,2.8841345205671876,11
1.8941700684329954,1.8607762397118417,11
0.5020617014812345,1.7971873831229563,01
2.719377497439547,2.676582042315074,11
1.0955015020092644,2.162615938209548,01
1.465621701614293,0.21712831372841343,00
0.47262509967067806,0.9201203247964429,00
0.1264204125973784,1.5876380702430575,01
0.2906557263160206,2.2339471175214856,01
0.4351154367144951,0.025063076312893878,00
2.808066343895536,2.470681804000497,11
3.1322018497497925,2.7259625178062787,11
2.1835799087350503,0.18376923143607599,10
3.058829327496054,0.4772636348436086,10
2.7780403138888072,1.7583321787935824,11
2.9531170295782916,0.467209817222849,10
1.6303098158003388,2.99678540168716,11
2.8508631403951976,0.13602977239498357,10
0.13385394685877178,0.3533313477732317,00
0.5335164545834019,1.3232809293245555,00
2.4459988290118466,2.2071596542918055,11
0.39757753721659544,2.9494071797984645,01
2.726297406853644,1.4762138838714498,10
1.5921922410294087,1.2645600644453565,10
0.8821878579505638,2.135983878413885,01
2.0477772486667747,1.417687699875946,10
2.9151702264409742,3.1212986422436746,11
1.0690125766822614,2.536862773548173,01
0.4130463587767281,1.5628418349821724,00
0.2416058179793085,2.6640186948446516,01
0.6676313933928207,1.9113861960910479,01
0.19693599256428507,2.805704205390044,01
2.210312732436749,0.24730694825914848,10
1.8129417532185403,2.2461607390963065,11
1.998145639646476,1.3025107401145537,10
2.2488404792889654,0.5799522404747556,10
2.688033259367315,3.1171540529088317,11
0.9060128712350318,2.6929844152222553,01
2.760845556824954,2.243753233047993,11
0.5850523280684385,1.8285709848105296,01
1.2787204270794605,1.7396588646037692,01
2.371096746816357,2.161510819895793,11
0.46875141226371914,0.3227424469964726,00
0.07318522866656758,0.349143097494417,00
0.46461902631674656,0.5576709388402692,00
2.675409055607786,0.25788171860779796,10
1.5234773759125038,0.22274887633625096,00
0.4182634102847098,2.7498053607866018,01
3.067067687363368,1.6250600947858433,11
1.4050381799691922,1.6117722739391587,01
2.1163218756483944,1.4141020580241928,10
3.003242574882003,1.273830102385834,10
1.4329605788711224,1.3073400739039223,00
1.937256734075781,0.07532879080097672,10
0.7002361173945004,2.1027480945399515,01
2.098833016432054,2.6957528262520367,11
2.8483934424474615,3.0527195770811892,11
2.0759282015029275,1.8818680833328059,11
1.714029768622098,1.5428871200736478,10
2.7451717730546368,2.940180269195713,11
1.7246262359787445,2.684599193227232,11
0.9742372973384373,1.3031734451960177,00
2.9439120233091547,2.837124541494231,11
1.7565405854490292,1.9093995547649907,11
2.5459259783863617,2.5410512770389744,11
0.8596144540139037,1.7667252760022345,01
1.5340491241779577,1.9013689521120545,01
0.23533032368456147,2.0111771532198044,01
3.120990015029426,0.06328920332158879,10
2.1941309849375,0.8621472579783791,10
2.4594115793283344,0.5228829088931726,10
2.924264388879749,0.06758384040722784,10
1.6697938962444818,0.8386249696346025,10
2.668267845467756,1.320935099029659,10
1.0082436649123598,0.7827249130758603,00
2.821444353946609,2.315908711273443,11
0.8967011547624831,3.0293134287434085,01
2.814720319713843,1.8914147733306923,11
0.4434367951287734,0.08861658396480385,00
1.2285103202792054,1.150980280059631,00
2.8638399167471906,2.3812306337925895,11
2.46865786095283,0.8806164244621886,10
2.59633982777077,2.1641189896899475,11
0.17614141600616268,0.07312073634112518,00
2.9778855446390327,1.3567550635652077,10
1.673123678324593,0.8109925554115474,10
2.9285347358927893,1.1763007853697927,10
0.5075681558743543,0.3219664351439052,00
0.1528223980518659,2.8073910152510635,01
1.1004857069375245,0.228584042055214,00
2.0486261761052655,2.118030887593621,11
2.0536214109746735,1.9749730674834614,11
2.2279438573862125,1.6118585420356921,11
2.2670902618248263,2.894540872127333,11
2.0046153345669033,0.16288906579958273,10
1.5197344783246893,2.42857078077379,01
2.2041171502584187,0.1891761518946805,10
2.6656320410524708,3.1058147390641633,11
1.0496711601110154,2.7507294346513294,01
1.7835642433995902,1.5539723593071517,10
1.3538526971251228,1.95250942635295,01
0.8741636327941885,2.364236257857693,01
1.036316172977354,2.0120513111530136,01
1.6426706516471266,1.9821525629602588,11
2.550643568531315,1.9624547382965245,11
2.5873423615531137,0.6903040733611218,10
2.5592701209268554,1.0681469103119985,10
0.1720860198007218,3.0069619756960457,01
2.3303026417643666,1.9572569826581543,11
1.884004906330433,2.133958608462021,11
2.456244678852136,0.3297276333229751,10
0.0054999902802113036,0.03066133205679747,00
2.0940013854868202,2.833952160734386,11
1.886983683584317,0.44586844268587367,10
0.44986741859237367,1.5824255291332134,01
2.360721726552139,3.03253592787307,11
1.702103798165818,2.6787107243784636,11
0.6566640900140643,3.0102859952227745,01
2.7148957074396245,0.5400658588708181,10
2.1332342363321755,0.5130863144581768,10
1.273249542716874,1.8980727454990716,01
0.9663716078546583,2.3768188023686876,01
2.0421537096029763,1.3599033327061212,10
0.00226367793926099,0.855374198892391,00
0.3665790451863198,2.9438567614926106,01
1.7826708828544438,1.5888231917801592,11
3.003856434931458,2.3409048273051414,11
2.289710977979707,1.5656329421520423,10
0.7351563295333676,2.1862240756756517,01
0.46786646514107866,2.2448083289674856,01
2.350922341600575,2.738051207903028,11
1.0590056469569185,0.3453349680248475,00
0.2610145312723063,1.8429621224912438,01
1.5103684692239125,1.850927795284262,01
2.1950324176869875,1.951506467822026,11
1.8833298541068826,0.4339183295342608,10
2.537583340270358,2.8791095273411966,11
2.9697029476847443,2.260367965589176,11
1.518394012031481,0.703123649825369,00
1.3968039888498043,2.2433104709030047,01
1.8293316611677675,2.4195369416437367,11
0.16721229129465012,1.1435908423414565,00
1.0590431214732974,2.436476057911788,01
1.9997092517945432,0.5283197788794193,10
1.9023897203957891,2.4582916465021376,11
2.030156218483428,1.6613685542939916,11
1.5446593826379817,2.4394318524311176,01
1.2018242736218367,1.2462662997855054,00
0.049562077968056305,0.6624443951667566,00
0.48179287710145957,2.6874865175741873,01
1.1089685981651232,1.6370787247210747,01
0.47797224192884147,0.08363004632155159,00
2.1971609772075373,1.9945702334115332,11
1.1381501990548737,1.4132263989692624,00
0.2607934579340666,0.05535149210187682,00
1.2045029641237137,2.189049388024837,01
1.5846665724771685,0.8420261886855516,10
0.27997179178504245,1.8854396170598742,01
0.01744597845792061,0.422273020529796,00
3.0949570818468355,0.16155066450821715,10
1.05284189344528,2.9909512608649673,01
0.2292293996818376,1.9046863095977904,01
1.236687682524186,1.039114883632516,00
1.0029687585531848,2.6880883249544767,01
2.2777344104355577,2.839530737425995,11
0.328798257295422,2.2734383873064843,01
1.1841311114959283,0.2722455434610597,00
0.15223831939431565,1.6878960373199747,01
0.03681606221179906,0.3520952383860207,00
1.0946578566412457,0.20565430278157504,00
0.3718541288430209,2.419206896341849,01
2.8659596945936485,2.77848613098636,11
0.01920701611376035,0.6985782507768855,00
0.7191428449742745,0.5830253976815472,00
2.9664757901146954,0.4389962249276294,10
2.1833766667134453,0.4292324312400879,10
0.9578143616700581,0.5832444157923622,00
1.1882303090012936,2.9343674165917033,01
0.7277288310393676,0.9397260274965199,00
1.2466005458794882,0.2115156273437251,00
2.810346107239671,0.8627726175040404,10
1.004147763119398,2.2790575175026855,01
2.2564269270093544,1.4979883700401586,10
1.0393114429277321,1.8049511435914904,01
2.4472426389488495,2.846668297599345,11
2.79934781522759,1.3316077626803822,10
0.9006305916850211,2.4646128000890717,01
2.3740088765395253,0.9352334148413338,10
1.0378096114144266,2.9482030374386152,01
1.5901490316949314,0.4903156194973252,10
0.561738616227362,1.5985779487854892,01
0.6112373440531188,2.1226050094908873,01
2.4260192900333455,2.4345732208841375,11
0.8634869423996439,2.3916182044138443,01
1.1141992148513442,0.5720892985010687,00
0.6334928668782898,1.968364680049173,01
0.433628596386054,1.9984106128354175,01
2.2234105590911506,2.453908211792291,11
3.1016727536805595,0.5406059832081136,10
1.5108128127001497,1.911335014744378,01
1.0358497498992205,2.234998239340018,01
2.190349433414716,2.4829480913408877,11
2.859115632542664,2.635168446998426,11
0.3050212389305843,2.506374492776987,01
1.6065500164313267,1.0523069899357846,10
1.1146117541144698,0.3113127410371412,00
0.7701871421629954,0.30115670816441226,00
0.06434695373745558,1.0798050353423128,00
0.4757536687942259,1.8118536887223644,01
1.5125464460666476,0.03733341131273768,00
3.100079097292849,1.806931873028401,11
1.040152704010649,0.4025641571736004,00
0.9201084311405626,2.1915891585028624,01
1.71937681531606,2.116595407386564,11
2.50154531736788,1.8182723053410863,11
2.424077635256316,1.6482739683248966,11
2.0752693266832463,2.0025376961551484,11
0.32338221512293364,0.14981118049439057,00
1.6401180439404177,2.5696563143983386,11
2.7320882519075766,3.1002868127603787,11
0.04453449809456916,1.3539905993246912,00
2.7758726180619098,0.6996290907532942,10
0.23551034414505306,2.0714548276613938,01
0.6975992922988915,2.7380270057745775,01
2.44993916802974,1.781477551965434,11
1.6340612663089717,2.605133314139648,11
1.9022986492868446,0.4934597106156732,10
2.015450616257726,0.6924558617578651,10
0.04932246868632687,2.684282280288267,01
2.132834424780925,0.1607671800214779,10
1.6485897214960996,2.749069009282939,11
0.43822448164978284,1.310532421275512,00
0.06368360141872746,2.570105623959867,01
2.473684075336175,1.5557378609987254,10
0.7025599207977533,2.6151477466195496,01
1.0963188493588434,2.0566966028721225,01
0.022466010960680422,2.511568815485107,01
1.094236096296364,0.2725811126417526,00
2.758052643011587,1.4414089736890399,10
1.6894643188728293,0.7778592747349001,10
2.268812860475976,1.7307276292752853,11
0.9932214623783691,2.451334570106707,01
0.16163188769470632,2.850251571787683,01
0.3172059743713908,2.004326602663253,01
2.4026014616272873,2.832501684930848,11
2.4790896167817422,2.8106645233915275,11
0.6903351142906646,0.26107872898275564,00
1.646018405278288,0.19576174136409108,10
1.7238247759917886,1.0812301568728047,10
0.9857471416565653,1.8843739536081274,01
1.1242385799832653,0.4953323703259752,00
2.26667774032235,2.3694776124610377,11
2.4261216435198545,2.577840208784961,11
0.2424405906534055,0.2684923427085155,00
1.1125649400589308,0.34628854182524044,00
0.007497139987940736,0.7407820580902776,00
0.794202952366059,3.029707458279766,01
1.3123138000011467,1.1477326958898426,00
0.6676602820044698,1.3662341645081402,00
0.5775811887085838,0.8375457907955769,00
0.011401737157126533,2.0794964091060923,01
0.31003609170586893,0.3902302942774831,00
0.0726621137077758,0.09837792121622156,00
0.37455986451868406,0.06044932187263781,00
1.2846885991126757,2.00276545497501,01
0.48013121630315847,0.2139756387653665,00
0.5053001976782578,0.9027743612169635,00
0.35858040181922746,2.6686595414477994,01
1.1212844786876266,2.9608929198941376,01
0.8534574137486892,2.3338591700143385,01
2.0075599485148117,2.2983925835495875,11
2.906151571183675,0.020195519505222487,10
3.0133512208266096,2.3800604923517255,11
1.4717429623456948,2.194801365068295,01
1.0919590525260783,1.5947939178669577,01
0.22603676840993864,0.9651687466997182,00
1.6284204831166493,0.27272598184861147,10
0.6716827753522034,0.2867284619793405,00
1.7154158320252824,2.9411918240491834,11
2.1809698342329615,2.319782349864145,11
0.18930624788990488,1.1523260899534729,00
0.45013503122900006,0.23947266552570023,00
0.9017525359628187,1.219251441515834,00
1.4652829213982337,0.5760801490091091,00
0.5549292772777257,1.460045233482206,00
1.7163152270902062,0.3445419622766061,10
0.7787382847284643,2.7351127849664696,01
0.3706719249394412,1.9660214976283847,01
2.10568614303328,1.2345280960928922,10
0.714334672770686,1.088859092197666,00
0.4352866418951383,0.02937213758250508,00
2.0495412272538927,2.2189708945371933,11
1.4671268364486276,2.953138796107896,01
1.1126848593706649,1.3608357585825888,00
0.5680983467084534,0.6697212673687472,00
1.6295532643735249,3.132435881606734,11
2.6832188756470674,1.77690626811356,11
0.5341568289257783,2.7886943264619988,01
0.8224908650918429,2.1302119538783595,01
0.1137272470965678,1.182507061448647,00
2.660540642952587,0.5437849945309957,10
1.0236706616215057,2.3498257770343844,01
3.0160822647324714,2.451823142386822,11
0.17747639723323744,0.24617957799367032,00
1.866346383667289,2.791428650151117,11
0.7062324182878529,0.008797144464608537,00
0.5129571471938957,1.2644480319960592,00
1.5805197303061256,2.394187686109658,11
1.15120587800432,2.6052241944444607,01
0.20713861759715552,0.2610142895665986,00
1.609168425585469,1.5326486537543116,10
0.6563407365546163,2.6398808110975716,01
1.2458445168259866,2.643224299601819,01
2.525674292802778,0.11417763908004075,10
2.605078676315464,0.9638525034190228,10
0.7145757938736652,2.737662172586908,01
2.6874410759421345,1.6213913953334964,11
0.28360545330268555,2.45926717971707,01
2.3096855837864374,1.4999429146440684,10
2.3825316403727705,3.098098432209345,11
2.754670707416467,2.908584286521206,11
0.41633734711903964,2.5036398091356746,01
1.7355940598044681,2.6271469559396223,11
0.7476946442502859,3.0278511890993665,01
2.186231079980243,2.342076030065191,11
0.1516826855483317,0.40796868827596094,00
1.2644506908785185,1.9237231111511883,01
1.172625473823644,0.25582342243401135,00
1.345357805782629,2.689307250977761,01
2.0172264825374664,3.0283651024655978,11
2.3507222875322786,0.11447320645161198,10
2.729764760542494,0.7389193683250339,10
0.03981505121661682,2.8977008184007147,01
1.4735234130213715,1.1538368942093515,00
0.8485930595777676,1.4864888899581592,00
1.8302175608340696,1.9560969051228723,11
0.5571443498739747,2.241289057208793,01
1.641562612510419,0.43900973828573436,10
1.627164295305129,1.8409257701258623,11
1.650088360840145,0.24712168571203527,10
1.82468214424724,1.435031817680492,10
0.490500409796249,0.8518450208172329,00
2.6326775300475163,1.121179878037444,10
0.30795383975606505,2.5090693150508354,01
0.9148296645457736,1.1309848016501851,00
2.811042681540283,0.08285978086990145,10
0.32390884355996835,2.5190285052653114,01
0.8114690771608759,3.104469767049186,01
0.3914720213701213,0.2683824079531209,00
0.08239300249469088,2.6532325967259762,01
1.8653017065331874,2.667345506109621,11
2.3457637911312372,2.8443943517780013,11
0.32939340351962504,1.3584463502506594,00
2.083594435189271,1.356259497943395,10
2.964335050683573,2.2772430725604984,11
0.782668522791713,0.27721749471022444,00
1.058409296686652,0.48825268368730823,00
0.7224352971798041,0.11812392925159174,00
2.8973809950490534,1.019731170784951,10
1.2966923634306555,2.648419328049198,01
2.705532144221861,2.2365080741788512,11
2.574226613591886,0.6566932673914114,10
1.2326789698505094,2.9796891210732643,01
2.323295943544474,1.0080450108813868,10
1.7806889341476642,2.022987710955889,11
0.6431159757783312,1.2008564105881983,00
1.6657108984494398,2.218618244242956,11
1.5675131354960434,1.157428720958684,00
0.8494674310356709,0.9243807727464135,00
2.5311416157641338,1.936415761081213,11
2.768838597767031,3.0263297215512477,11
0.9468292098314132,0.6455616670289955,00
1.5273581962063785,2.2871342056853945,01
1.2625389973226102,2.943968009739566,01
2.4192002934477146,2.1071565705326702,11
2.907649800273096,0.06521176197813998,10
3.093271939734036,1.3729728849033946,10
1.805034550993727,2.3339363392833414,11
2.994005822240826,0.8546204441088527,10
0.769845534756473,1.7134913938902967,01
2.4493974078338123,2.4040905738314695,11
0.14821114428608725,2.658420826321378,01
0.7242448783420633,0.09660236406495598,00
1.7209480877774561,1.363769855634566,10
1.118699250870817,2.281109896925572,01
2.5620352783045197,2.9189369071751803,11
1.9478608618224562,2.2718057587020084,11
1.9196231701576374,0.8208004592673264,10
2.9822133688698944,1.2039591240434773,10
0.6146004382358634,2.71385731682897,01
0.840386537161389,2.9562336066474226,01
1.9762325619953458,1.9867684455945562,11
2.5599906142401965,1.0876564730739489,10
2.502075519258113,0.8193800380740144,10
1.6127585558709174,0.6527121544209548,10
3.038955409372228,1.9992151018011413,11
1.1421392735862654,1.1455756364001883,00
0.011528614876549784,0.5486076999660472,00
2.328874239341496,2.3573038313840144,11
0.4672853530906552,1.4510411963082115,00
2.7648258057646915,2.7584392051338007,11
2.399901618930869,1.5128443625239942,10
1.2642735849831475,0.9921874969125654,00
2.660055560865096,2.703197017530238,11
1.3193512472225386,0.9459293144559924,00
1.7145446819116117,3.0170574115984343,11
0.13791520610347954,0.8022523677772093,00
2.8036362468344223,2.9957313188115378,11
1.421294081202227,2.954993136296589,01
2.3977597415366376,2.4977605758432553,11
3.0903435309202236,2.412221064981932,11
1.597997710528393,0.28612401960099954,10
1.3294949927000592,1.9474473906632435,01
2.548232357800314,0.2503010294989124,10
2.637921389670693,1.3133530392885107,10
0.7068238770782321,0.15569041878432816,00
1.9296063842155895,2.517927158617023,11
0.9081304182144558,0.6960419381699591,00
0.5799340318832168,1.757968642551175,01
2.765040565071361,1.1944089082107345,10
2.4000184414355465,0.0106222755777657,10
2.1844277966199788,1.2743030967972961,10
2.5821895404374775,0.8307436389148432,10
3.0374884590296776,0.3080752241680054,10
1.706490371190817,0.04648235000235704,10
2.952407385640049,2.0683193529213146,11
1.2145590014430259,0.5674576231221141,00
3.138683202805725,1.9540535209346628,11
2.195786755220753,2.0377713863081,11
0.6265173287504721,1.0956202658762717,00
0.45278900364809727,2.0344569862487747,01
1.6561213365681913,2.254983446047728,11
0.5627977287258118,1.716805676790539,01
2.7296659396872247,2.844707582515346,11
0.8526514710932566,0.495780716773632,00
0.6929730014512865,0.36155513527321204,00
0.6393903532048331,1.87693172711087,01
2.1982813446051908,2.682282839610157,11
1.2529875813929428,1.2565845718111663,00
0.4684851252574145,1.9147866834698881,01
0.7661147973664741,2.6473049062015805,01
2.1530587895252578,3.038705872313293,11
0.026683353771437972,1.5982376794837847,01
1.4680648344437535,2.750069750945175,01
0.8145671570742001,1.5098497785171583,00
1.4955526301830964,2.352858771788982,01
0.8517874205907209,3.067621857661416,01
1.7015300900019403,0.1962772055044896,10
2.326547162584497,1.975720273072112,11
2.982187266609922,0.3062272583880698,10
1.4039644792344543,2.817901493127124,01
0.713200988823687,1.796142931948583,01
1.6529503437195596,1.3027546602236868,10
2.8120451906701343,2.9237522106914673,11
2.6788872208277477,2.857478832168759,11
0.6482491347713331,2.581924779489239,01
1.3930347594752448,0.7330234714935258,00
2.4194206298600034,2.3831229920423738,11
3.0700940134811665,2.8389940320975415,11
0.4691933941059409,2.0752161327655183,01
1.2625040657546427,2.5272659538389894,01
0.9573282947333316,2.1612975293561663,01
2.8668163756331113,1.7668607989497414,11
0.051174274689890886,0.855064501672189,00
0.3131764901261514,1.5825906683236315,01
2.301456031505709,0.7657684211100243,10
1.7574884468661005,0.6439890601711264,10
1.255705530421824,0.7624454978716587,00
0.4635894019613769,2.4251917558848883,01
2.1891761230194615,3.0361972117249407,11
1.4955027016156337,0.04477752488990524,00
0.2985078707243973,1.0259399897305836,00
0.22786072219387568,2.582670555337088,01
0.7989956504333449,3.0209999657510593,01
1.296314895526281,1.3851410681395293,00
1.1587847909306461,1.4439554576713567,00
2.609498730716585,1.4039727225219505,10
1.4856944491070148,1.3795189884472743,00
2.473590019143165,1.1870756379763319,10
2.7716546021611137,0.5976312932020772,10
2.0403732027287114,1.2649044186013931,10
2.6400656203820034,0.4630850501977946,10
1.0620422308836721,0.30250486755545547,00
2.2896893671440703,0.006831587753810922,10
0.11509417031433745,1.8604973173972965,01
2.099240884120754,1.1112455166233146,10
3.0451951043602086,2.147593581608845,11
0.6179919190991139,3.066274668019716,01
2.7903955623662045,1.3411703625379172,10
1.9636463287338555,2.337337005355938,11
2.055553892491631,1.162200262153963,10
0.22416358476904916,1.1939741183111001,00
1.4274026869446608,1.682279917077101,01
2.7343531645580192,2.0980029875139077,11
3.0389715009547404,1.3141586010667787,10
0.6565241184403725,3.118632865756303,01
0.46357283556382933,2.5509618025485006,01
2.422217763965165,0.32298593163859957,10
0.911516281262789,0.23763376185502635,00
1.6144409957209673,1.08087154656183,10
1.4013703956423786,1.2671125623968769,00
2.158578806881608,1.2646579549800592,10
0.6197192031907679,1.1475736817674413,00
2.3249497963472185,0.42704863977436713,10
2.902660905615225,0.871750616845267,10
2.917870378453963,0.9285846433637418,10
1.1461712816781828,1.886031901553244,01
2.285834380605942,0.175428079360875,10
2.372134326016709,2.2938838782453845,11
2.5617688253997586,0.9194119988315279,10
1.8432213299913722,2.4830281513224532,11
0.050887328433105526,1.5198226911090313,00
0.07965783351017953,2.4320790139000104,01
1.1841104130707674,3.0540971646665676,01
1.3556882198093676,2.539607465020507,01
2.8975031087286043,2.5345636344407168,11
0.592836861083918,0.022878573239790128,00
1.5230467910475314,0.22166922431624175,00
1.993731532711366,1.8065592017390213,11
0.12076825836085663,1.9525003183931204,01
2.596641773950735,0.9454300223695872,10
2.573851151814041,2.1074348467977284,11
0.018221871555663086,2.2844180989796787,01
0.3424525279974954,0.34545668974410015,00
2.2346323045118663,0.9848586157757369,10
0.5469530391304321,1.92972284216479,01
2.046784332916669,0.05363285517425257,10
2.3848135535962736,0.25066685363202224,10
1.053433495363909,1.570711677553191,00
2.468741879513621,0.6655180355996,10
0.322951192006318,2.5867531409959974,01
2.0351621647102656,1.0251617648025821,10
3.107139293787733,0.34672172762811704,10
0.569357579986752,0.9257674555131629,00
2.873933918376592,0.19358216905332928,10
2.052992398338468,2.530436598909499,11
1.2602912136261362,1.5351867126155179,00
2.6440776299747815,0.9994303771197857,10
3.03852563512084,0.5795822770982131,10
0.23691874014134293,1.8875516933009016,01
0.11661885378137152,2.408300377799247,01
2.1419121190196244,1.2574096940009558,10
2.4481097907146636,2.982684879922779,11
2.4427377392690723,0.7246839363813028,10
2.360371325398658,2.5209561798785365,11
1.9316547800147288,2.4828707347238494,11
0.11002927316733173,2.091130845820445,01
2.7086137868825144,1.1978556106092835,10
0.608565533496257,2.964707059142559,01
1.197913150056556,0.14863400762636422,00
2.097880561801944,0.5717926847234512,10
0.11398603470629219,0.5559447451720816,00
0.4608989033651823,2.108877666003852,01
0.7298715817110192,1.9002320372398844,01
3.0907241998112105,1.613502937133192,11
2.1538520694587424,1.6029022915028324,11
1.6671530352985855,0.03395485065016093,10
1.6155648566604857,2.316275143405287,11
0.6229290266828589,2.3232340927925335,01
2.1556539422740997,1.8050716539626783,11
0.2479464332746399,2.3133697430599764,01
0.3496964452651317,1.3493797336761977,00
2.4504526231184474,0.6002808194504975,10
0.7747607146715827,1.791732170808556,01
2.7362593781410136,1.0356481712206707,10
2.232115465045129,2.6833011366190886,11
0.8465465317694186,2.161250895831659,01
1.6778880080203158,3.112757319580516,11
1.6600178451519347,0.049929883754925755,10
2.380560262605015,0.7307928247829626,10
1.262806339718312,2.4395408206412696,01
0.8014052038694276,2.4066834612627996,01
1.537872609319937,2.2238666776790774,01
1.5562283536910584,1.9431095057382863,01
1.9546167854425371,1.9217768909440656,11
1.4483270627028124,1.7773997857095292,01
0.1282620932479692,1.0316052487824299,00
2.2772887008698306,1.474436272578968,10
2.2057760969425235,2.860511038022717,11
2.8876169098029014,1.9413434523356994,11
0.5013743151874771,1.1507570274429904,00
2.2589792413362817,0.8377180831922635,10
3.0620822989568026,0.28153719561284296,10
1.278093407155589,2.2013470531956636,01
0.48747212129020046,1.1910040730614044,00
2.426977354858273,0.8810120580447369,10
0.057791179620645165,1.1621732015013895,00
2.454194769383897,0.5287896907528044,10
0.6420189662316406,0.6432796607384668,00
3.0337064090509527,1.2390888865626426,10
1.9688227234443054,0.40082129558463453,10
0.06113395880842964,2.480562193136101,01
0.7044242293929783,2.413426746745899,01
1.4425222032224054,2.030751790063475,01
0.6588457673288954,0.6299532196843629,00
0.8710321139899984,2.932831017167699,01
0.04969531703824707,2.1102060176659636,01
0.22090619328306485,2.1249767489793534,01
0.32237400958568574,1.4938033045113108,00
0.8820458575851432,2.4590066864857376,01
2.1222899066925245,1.2467604087881465,10
0.8570033832639684,2.5190103562812047,01
0.3178129620726768,2.1750974808326995,01
3.044189819121916,0.970613723224069,10
2.7947690788658104,0.2717081453424387,10
0.10785470680346487,1.6445815548476945,01
1.7843479068737358,0.7499577562997626,10
2.7462555212570865,2.0914218365374455,11
2.9477818848540247,0.6721747989143111,10
0.22339755105417566,1.4012470118725742,00
1.7958763915648337,0.022752229896886755,10
1.213529539212134,2.7023976959202,01
0.17646369803511636,2.856255304507384,01
2.543992535213023,2.2213158676987406,11
2.7386460684811516,0.7761552320315197,10
1.98972727458989,0.5238327967306292,10
0.356837010703319,1.0534791013682296,00
2.670048029052964,1.7616558462613863,11
0.011713247613172096,2.285108184539695,01
2.2867254798870564,1.9335396817351342,11
0.44508822354159017,3.022362434553403,01
2.5075251564723104,0.024076094050961627,10
1.5673922559757958,2.277368869711741,01
2.094405769550141,2.1307403186528995,11
2.2498114254441792,2.9845979606123567,11
1.6176516981573439,2.1371750774230454,11
1.7890963935637063,1.798357483838341,11
0.4311902332449276,0.32315178588560994,00
1.839275233889174,0.42723601951921675,10
1.2750893883183676,0.5737295940613967,00
2.1358720544135483,1.6244036430874083,11
1.6917904122498773,1.6637661300274569,11
1.3566704558411329,1.0090624109255006,00
1.0834583075337771,2.024406639780445,01
2.3882771732692665,0.34999163642237247,10
2.1979269203474137,2.5543645296163304,11
0.6353488306562882,1.9561148679244844,01
0.6958436510584367,0.4607430358968005,00
1.566861141659274,1.6863366779782056,01
1.058726776958939,0.35640223475669575,00
0.45555908424729286,3.0973606824965656,01
0.9477525440388239,2.972770739806557,01
2.8552349230868823,0.0013156922304092664,10
0.3807823205290087,2.412752682211481,01
0.7067357107138807,1.8034235527955182,01
0.9776640577617818,3.0072509400327174,01
0.24403513066398524,1.6350451222204494,01
1.5957562422038218,0.8282275803061013,10
2.935763084847214,1.6737765163954916,11
1.0145092602892007,1.3926279341682855,00
2.5449253301767976,1.4749969583420144,10
3.0462630383121874,1.471448749264177,10
0.25726944302711735,2.221303648808917,01
2.5965251803235225,1.6871428556816808,11
0.3343692616761661,0.121132015165176,00
1.6741400320085922,1.781707125059678,11
0.9787529285425012,2.812092562146725,01
2.802898492626441,2.789058703473044,11
1.5615145057895263,1.2934962040093456,00
0.4419435826737804,2.817540232811195,01
2.0416080135623424,2.820257140514212,11
0.3629519862674291,3.0232395500570344,01
1.5677697047684576,0.9507075462085707,00
1.6871023797221172,2.273097213102291,11
0.15568831793537544,0.3410385118615197,00
0.961589513949455,0.9574825958352229,00
0.3609050802937597,1.8185565664621248,01
0.8259766723860819,0.3924343295560054,00
0.5540515537753442,1.2365354267549897,00
0.991137727079389,2.7703265354647146,01
1.8201254321583435,0.17103464288708606,10
1.4664288287585119,1.3230150657181754,00
1.4561258691267045,1.8158748306575985,01
1.3269626481826104,1.0746877845899436,00
0.9298317815184036,2.1963703158283736,01
1.5286728682633488,0.26896949562245803,00
0.7715795818661341,2.265502305842107,01
1.9188045299228982,0.27568576548195645,10
1.1171111525607076,0.043877938781004,00
1.182860418525299,3.0419411801572944,01
2.08517499728604,2.5487982542442364,11
0.774772549851535,1.6889132717801847,01
1.4428292431129126,2.378451485385024,01
1.3654021354973787,2.1452242092013623,01
0.015320705034764234,1.4803002877281797,00
0.21674013479885795,1.1738269476874283,00
2.8108558149311977,1.9603686891454974,11
0.9708802000584875,2.92073674892069,01
2.7551876275290175,1.6146985380435677,11
1.323862013287085,1.2365932803711392,00
0.37032943681656744,0.9680525251301809,00
2.8913883932549176,2.7065384070303375,11
2.200738717752798,1.8649926597410498,11
2.439117085591174,0.17454293554714465,10
1.367681788071288,1.4711148747576885,00
0.2191249457886785,1.3138044011008743,00
1.982655374348342,1.1667824226305823,10
2.942581484963158,1.6662914778476516,11
0.36965008565718543,2.140561013394365,01
1.2522749238408586,0.6816481667619367,00
2.9992482526942057,0.35991511041988766,10
0.16443380892441387,2.060883052214292,01
1.1608192696863655,1.468565742056356,00
2.880123772197035,2.2486174166115394,11
0.921180403908972,2.832407960963629,01
2.0961893644649097,1.5602769049516958,10
0.7944671065397814,2.9714645645527047,01
0.31918644037395344,2.4267291911525724,01
0.0996174128912322,1.706806982595715,01
1.6155730026107336,0.02218761708111805,10
1.9752137690297513,0.38624983965371923,10
1.3759711368165837,0.9391748196086392,00
1.8233631232040934,0.4203544066872956,10
1.257021247030606,2.1318832681312134,01
0.6322511081304298,1.2384266046013432,00
2.0441639240079144,0.2571189562958175,10
1.485565650192943,2.3078674281572336,01
1.6655117038694771,2.38530372870932,11
2.8946643553446956,0.3893109490035924,10
0.8356768631596739,3.0502161134648342,01
2.1339689997974607,0.7926557963150104,10
1.3169707122148635,0.8841498137786009,00
2.81242156345097,2.0844210305692004,11
0.10945091888447883,2.4951581230713593,01
1.6555180933798757,2.406598430972619,11
0.36081491348735,2.1570369394405255,01
0.44281852933216753,2.9043304928946028,01
2.4733526500203418,1.0699223829020421,10
1.9567088800870767,0.24426940829174826,10
0.03717187799396081,2.8796914180384423,01
0.5222646953235632,2.6575082049809717,01
2.22003005514609,1.5858644633588703,11
2.013974597332826,2.2662284087724562,11
1.7260484082343979,2.136437425694939,11
2.151975396354543,2.8182046347510723,11
2.4381051477539435,0.4556384501066387,10
2.2082772181563177,1.0592616536051471,10
1.3870476760637098,2.816040314961765,01
1.1006570823954474,2.977896705228456,01
0.495623399677975,2.4662700917011304,01
2.1204241044567644,0.2293514835264215,10
2.7865263633758595,0.3132311907340866,10
0.6103062552679327,2.895291573330541,01
3.138251466015036,1.2553704257169411,10
2.4601817656759684,3.0710286167673457,11
1.5777726994700372,0.26849031054157796,10
0.8439326234186498,0.18259846124098064,00
2.7543218809648566,0.158973463012839,10
0.9197527630576813,1.656749688860301,01
1.6757026443046064,1.822694359740623,11
1.3277131707582333,1.8683176081066164,01
1.0377631983394264,2.8319321052749515,01
1.6263328893701738,2.3718015563804884,11
0.025007458423255493,0.8603882300227341,00
2.045595743152611,0.23493602359828336,10
2.2069951663105867,1.4071189709198657,10
1.2553494688779048,0.5411377065190566,00
1.2171339384587745,0.5297057874238376,00
1.1999294129932878,1.6986551128886231,01
1.201012159126597,1.7480545706531716,01
1.8184914655084743,3.015390578113332,11
2.7529364483945162,1.6113804453385274,11
0.3660329091295231,1.308415105926722,00
0.7401491666085882,1.0847152273731178,00
1.8096176378537494,1.350514942914885,10
1.5266394395297993,0.7853798183615883,00
0.7054737623305528,0.32056696127153933,00
2.8556426562843344,2.1988703819076463,11
1.4909303067799078,1.6196752408164323,01
3.008460392394526,0.3229437799446361,10
2.685173607637888,1.1487731201328453,10
2.44459111940056,2.3647920192769525,11
0.9899891298960477,1.1619877945434542,00
0.44172506866319405,1.2071147668810183,00
2.865988190105557,1.0991765790011163,10
0.9841236893804864,2.0950257881160534,01
2.232280560999592,0.5365497083195734,10
0.3127793290453613,3.0864141373708134,01
0.7176702296347159,1.2916856365315679,00
1.4373100080625432,0.9517451576248537,00
3.0136100416242684,2.114828344151911,11
0.9926093731491201,2.955485304408062,01
0.7201151230884487,2.3363693683785174,01
0.6697353571622988,0.38255125502464044,00
2.9800005416870525,2.1856993297803493,11
0.9868564244286955,0.19220597515819124,00
0.6060228404360831,0.9171207002897679,00
1.717609681030487,0.6746578077607748,10
0.29380076145637674,2.838660730026633,01
0.48542665141270097,0.3490693231879047,00
1.4539521448873816,2.313090247321613,01
1.3646636080637384,0.6147033000825652,00
0.7023976739703525,1.654229814441437,01
0.8686557637348402,2.239706909436686,01
0.4852461712968666,2.412909296165104,01
0.6207905172800432,1.209268010878022,00
2.2949721289299165,0.7352484242465266,10
1.6925528391842886,1.8300011553652629,11
1.0371365623982578,1.005472667161511,00
2.3556532624321456,1.6174894615285065,11
0.2907688479500781,1.2481927299293674,00
2.702493606051681,2.8787025864094877,11
3.0625768735243573,1.9356139841406825,11
1.7608643017469003,0.44870845411300203,10
0.898790139047376,1.7241838102740445,01
0.9611395262340782,0.3765381714483459,00
0.2734069057847301,1.9915834887002637,01
0.25149235001547365,2.1853184891520563,01
2.1609326478965865,0.8824736457129879,10
0.14008149999047273,0.013756739540759344,00
2.7366884200238983,1.5636218053198843,10
2.2072781537501323,2.625946862597401,11
0.14718911112896735,2.1128137845592727,01
2.8103381272382335,0.9578227899485792,10
0.11875588444262099,2.761379524562302,01
2.669529352219739,2.1703711952415636,11
2.2265879205226433,1.2115263786084918,10
2.334261486957201,0.9555638894400954,10
1.3578943021861913,1.2292606030037159,00
0.3476669473060228,0.32400302415331894,00
0.046958695052609724,1.2708205104403232,00
2.3171948776341904,0.4953391560241416,10
1.4554672357718152,0.4631865601538331,00
1.7563654711103307,2.0655271550601575,11
1.0092632109322561,0.5544065383236344,00
2.3537481777970592,2.0769678168169126,11
2.547017854246773,0.840696033917068,10
0.13222422894091382,0.32418968592637665,00
1.1644216921082087,0.19169494922356792,00
3.049152397890802,2.7060609517623577,11
1.6003067101789024,0.13575890654204686,10
3.0059844131331204,2.1057290373656574,11
2.363473632725607,1.206643954931912,10
0.43766867453190267,2.855640419947371,01
2.556296806164986,2.8795980000525683,11
1.0767042664969804,1.8296836278103685,01
2.968859500401116,1.0205770315302365,10
0.49370283594657677,1.1946792087111642,00
2.4596020687058346,2.70083155992963,11
1.0437372496189743,1.749053943360772,01
3.0138700186961374,2.723847541641248,11
0.3949633245761244,0.5381326033841146,00
1.9352852082795484,2.5059726397785163,11
2.8143457129168143,1.4957737399419526,10
2.2325085344173794,1.3102164114431432,10
0.114205995896518,2.7278339379297223,01
0.539065645417415,0.1616264818056395,00
1.1354347198024652,2.1111307658823746,01
1.0157301966637489,0.9249621631710658,00
1.394671518496069,0.28612699329878344,00
0.21931563620025424,2.104151987317135,01
1.734809516331506,1.3026252168577372,10
1.4825518965774502,0.3707505168624169,00
0.2394359118801526,2.303205483483237,01
1.237622032792857,2.0216318892295715,01
2.999653930019792,2.7414609269020156,11
1.7985644801183356,2.407318878936908,11
2.0371126147697605,0.03793113040928972,10
1.8765814080594383,2.4050884623319506,11
2.9629205409485437,2.9706329034074326,11
1.1915721630737517,1.5347560091578123,00
1.340752222697748,1.6584224878829408,01
0.45667734993689313,0.8417084116101133,00
2.6279073784137523,1.2993949981977306,10
1.6925226297930234,0.9208141259798414,10
0.8315478192278957,1.5537286646803279,00
2.2891990461970693,1.4862044647992758,10
1.4566082509847729,0.02891519822146801,00
2.0451675251588566,0.8626489312424834,10
1.684409233582996,1.8326742741579918,11
2.471166420545956,2.625632220840286,11
2.3100248253449234,1.9534517830361835,11
1.1867397126458492,1.9191444283342687,01
0.5688807353723716,0.1252760609895836,00
1.6368807269976715,1.1847759595305378,10
2.1793770604954523,2.759544571056506,11
2.315146438067996,1.0327886734411356,10
0.4388539028068104,2.296994713122614,01
0.5209065639044985,0.6941330215909507,00
0.1745804898823092,0.5570127707216705,00
2.2557605795858224,1.919921971013948,11
1.9098086048067542,1.958865416362534,11
1.9046076877810114,1.4616148336669208,10
1.2046124488021288,0.3999873484490781,00
3.026035420099086,0.3338161279979807,10
2.184737453212736,0.5448195371793062,10
2.912295584118984,1.0618324252869726,10
0.3383139659206252,2.732626082508752,01
1.297995376614759,2.7931597232476637,01
0.7470224318288599,2.7865232293944966,01
2.850812561274185,0.8303720430407908,10
1.546678007824003,1.5931757569212055,01
2.258298681443693,2.130321103737705,11
2.7916986272039863,0.12171474767530231,10
0.20025152833598775,2.0669941977767823,01
2.5130257783327306,0.37751048305560286,10
2.2884117208780568,2.1487279758377107,11
2.057922954603668,2.405798693484027,11
1.005281986232496,0.41379005757184706,00
2.9510871757393953,2.4881006421433387,11
0.7102795636488081,0.7267289692204507,00
0.9251393389567533,2.0901015255091635,01
1.6738226912168526,2.9025939260840747,11
2.764811661630492,1.919076783136655,11
1.7816556345357606,2.546132975841667,11
1.690021875204954,1.772550854722819,11
0.10961759381654529,1.2582220408556566,00
3.0678106527544897,1.2740890673062593,10
2.0932125243455864,1.9216689771373952,11
2.1586197400549927,0.6445399945511844,10
0.09543145302122444,0.09527941093373853,00
0.28526615139297273,2.0146742610017543,01
1.1278357958432041,1.0482563259665212,00
2.1621740543905186,0.6916916286530006,10
2.5481354263506857,3.0114718657620236,11
0.261436274001336,0.9285582446730373,00
3.1343106226032518,1.8815176228130968,11
1.3458446972929528,0.4190144541511631,00
0.8412237000899228,0.8419585319669469,00
2.3434756549589624,0.6336318921918881,10
